Workbook

Sheet Dashboard
A1: TODAY'S DATE | C1: =TODAY() -> 44859 | E1: CURRENT TIME | G1: =TEXT(NOW(),"HH:MM:SS AM/PM") -> 10:47:24 am | I1: WEEKDAY: | J1: =UPPER(TEXT(C1,"dddd")) -> TUESDAY | L1: WEEK OF THE YEAR | M1: =_xlfn.ISOWEEKNUM(C1) -> 43 | O1: HQ Fleet Staff Attendance

Sheet Summary
A1: START DATE | B1: =DATEVALUE(TEXT('HQ Fleet Attendance'!B2,"dd/mm/yyyy")) -> 44741 | C1: =TEXT('HQ Fleet Attendance'!B2,"HH:MM:SS") -> 15:03:00 | D1: Week Name | E1: Month Name | F1: Month Number | G1: Week of the Year
A2: END DATE | B2: =TODAY() -> 44859 | C2: =TEXT(NOW(),"HH:MM:SS AM/PM") -> 10:47:24 am | D2: =TEXT(B2,"dddd") -> Tuesday | E2: =TEXT(B2,"mmmm") -> October | F2: =MONTH(B2) -> 10 | G2: =_xlfn.ISOWEEKNUM(B2) -> 43
A3: data-section1-activity | B3: All
A4: data-section1-position | B4: All
A5: ="CURRENT WEEK ANALYSIS OF "&UPPER($E$2) -> CURRENT WEEK ANALYSIS OF OCTOBER | N5: ="PREVIOUS WEEK ANALYSIS OF "&UPPER($E$2) -> PREVIOUS WEEK ANALYSIS OF OCTOBER | Y5: ="PREVIOUS MONTH ANALYSIS OF "&IF(MONTH($B$2)-1,VLOOKUP(MONTH($B$2)-1,'Month Guide'!$A:$B,2,0)) -> PREVIOUS MONTH ANALYSIS OF SEPTEMBER
A6: Staff Name | B6: Timestamp | C6: Date | D6: Monday | E6: Tuesday | F6: Wednesday | G6: Thursday | H6: Friday | I6: Saturday | J6: 6 Working Days % Tracker | K6: Days Present for that Month | L6: Attendance Staff Ranking | N6: =A$6 -> Staff Name | O6: =D$6 -> Monday | P6: =E$6 -> Tuesday | Q6: =F$6 -> Wednesday | R6: =G$6 -> Thursday | S6: =H$6 -> Friday | T6: =I$6 -> Saturday | U6: 6 Working Days % Tracker | V6: Days Present for that Month | W6: Attendance Staff Ranking | Y6: =N$6 -> Staff Name | Z6: =O$6 -> Monday | AA6: =P$6 -> Tuesday | AB6: =Q$6 -> Wednesday | AC6: =R$6 -> Thursday | AD6: =S$6 -> Friday | AE6: =T$6 -> Saturday | AF6: 6 Working Days % Tracker | AG6: Days Present for that Month | AH6: Attendance Staff Ranking
A7: abdulazeez_juwon | B7: =_xlfn.MAXIFS(HQ_Fleet_Attendance[data-end_time],HQ_Fleet_Attendance[data-section1-staff],Summary!A7) -> 44859.409 | C7: =_xlfn.MAXIFS('HQ Fleet Attendance'!P:P,'HQ Fleet Attendance'!E:E,Summary!A7) -> 44859 | D7: =IF(COUNTIFS('HQ Fleet Attendance'!Q:Q,Summary!$G$2,'HQ Fleet Attendance'!E:E,Summary!$A7,'HQ Fleet Attendance'!N:N,Summary!D$6)>0,"Present","Absent") -> Present | E7: =IF(COUNTIFS('HQ Fleet Attendance'!Q:Q,Summary!$G$2,'HQ Fleet Attendance'!E:E,Summary!$A7,'HQ Fleet Attendance'!N:N,Summary!E$6)>0,"Present","Absent") -> Present | F7: =IF(COUNTIFS('HQ Fleet Attendance'!Q:Q,Summary!$G$2,'HQ Fleet Attendance'!E:E,Summary!$A7,'HQ Fleet Attendance'!N:N,Summary!F$6)>0,"Present","Absent") -> Absent | G7: =IF(COUNTIFS('HQ Fleet Attendance'!Q:Q,Summary!$G$2,'HQ Fleet Attendance'!E:E,Summary!$A7,'HQ Fleet Attendance'!N:N,Summary!G$6)>0,"Present","Absent") -> Absent | H7: =IF(COUNTIFS('HQ Fleet Attendance'!Q:Q,Summary!$G$2,'HQ Fleet Attendance'!E:E,Summary!$A7,'HQ Fleet Attendance'!N:N,Summary!H$6)>0,"Present","Absent") -> Absent | I7: =IF(COUNTIFS('HQ Fleet Attendance'!Q:Q,Summary!$G$2,'HQ Fleet Attendance'!E:E,Summary!$A7,'HQ Fleet Attendance'!N:N,Summary!I$6)>0,"Present","Absent") -> Absent | J7: =IF(COUNTIF(D7:I7,"Present")=1,10%,IF(COUNTIF(D7:I7,"Present")=2,20%,IF(COUNTIF(D7:I7,"Present")=3,40%,IF(COUNTIF(D7:I7,"Present")=4,60%,IF(COUNTIF(D7:I7,"Present")=5,80%,IF(COUNTIF(D7:I7,"Present")=6,100%,0%)))))) -> 0.2 | K7: =COUNTIFS('HQ Fleet Attendance'!O:O,Summary!$F$2,'HQ Fleet Attendance'!E:E,Summary!A7) -> 12 | L7: =RANK(K7,K7:K19) -> 12 | N7: =A7 -> abdulazeez_juwon | O7: =IF(COUNTIFS('HQ Fleet Attendance'!$Q:$Q,Summary!$G$2-1,'HQ Fleet Attendance'!$E:$E,Summary!$A7,'HQ Fleet Attendance'!$N:$N,Summary!O$6)>0,"Present","Absent") -> Present | P7: =IF(COUNTIFS('HQ Fleet Attendance'!$Q:$Q,Summary!$G$2-1,'HQ Fleet Attendance'!$E:$E,Summary!$A7,'HQ Fleet Attendance'!$N:$N,Summary!P$6)>0,"Present","Absent") -> Present | Q7: =IF(COUNTIFS('HQ Fleet Attendance'!$Q:$Q,Summary!$G$2-1,'HQ Fleet Attendance'!$E:$E,Summary!$A7,'HQ Fleet Attendance'!$N:$N,Summary!Q$6)>0,"Present","Absent") -> Absent | R7: =IF(COUNTIFS('HQ Fleet Attendance'!$Q:$Q,Summary!$G$2-1,'HQ Fleet Attendance'!$E:$E,Summary!$A7,'HQ Fleet Attendance'!$N:$N,Summary!R$6)>0,"Present","Absent") -> Present | S7: =IF(COUNTIFS('HQ Fleet Attendance'!$Q:$Q,Summary!$G$2-1,'HQ Fleet Attendance'!$E:$E,Summary!$A7,'HQ Fleet Attendance'!$N:$N,Summary!S$6)>0,"Present","Absent") -> Present | T7: =IF(COUNTIFS('HQ Fleet Attendance'!$Q:$Q,Summary!$G$2-1,'HQ Fleet Attendance'!$E:$E,Summary!$A7,'HQ Fleet Attendance'!$N:$N,Summary!T$6)>0,"Present","Absent") -> Absent | U7: =IF(COUNTIF(O7:T7,"Present")=1,10%,IF(COUNTIF(O7:T7,"Present")=2,20%,IF(COUNTIF(O7:T7,"Present")=3,40%,IF(COUNTIF(O7:T7,"Present")=4,60%,IF(COUNTIF(O7:T7,"Present")=5,80%,IF(COUNTIF(O7:T7,"Present")=6,100%,0%)))))) -> 0.6 | V7: =COUNTIF(O7:T7,"Present") -> 4 | W7: =RANK(V7,V7:V19) -> 12 | Y7: =N7 -> abdulazeez_juwon | Z7: =IF(COUNTIFS('HQ Fleet Attendance'!$O:$O,Summary!$F$2-1,'HQ Fleet Attendance'!$E:$E,Summary!$Y7,'HQ Fleet Attendance'!$N:$N,Summary!Z$6)>0,"Present","Absent") -> Present | AA7: =IF(COUNTIFS('HQ Fleet Attendance'!$O:$O,Summary!$F$2-1,'HQ Fleet Attendance'!$E:$E,Summary!$Y7,'HQ Fleet Attendance'!$N:$N,Summary!AA$6)>0,"Present","Absent") -> Present | AB7: =IF(COUNTIFS('HQ Fleet Attendance'!$O:$O,Summary!$F$2-1,'HQ Fleet Attendance'!$E:$E,Summary!$Y7,'HQ Fleet Attendance'!$N:$N,Summary!AB$6)>0,"Present","Absent") -> Absent | AC7: =IF(COUNTIFS('HQ Fleet Attendance'!$O:$O,Summary!$F$2-1,'HQ Fleet Attendance'!$E:$E,Summary!$Y7,'HQ Fleet Attendance'!$N:$N,Summary!AC$6)>0,"Present","Absent") -> Present | AD7: =IF(COUNTIFS('HQ Fleet Attendance'!$O:$O,Summary!$F$2-1,'HQ Fleet Attendance'!$E:$E,Summary!$Y7,'HQ Fleet Attendance'!$N:$N,Summary!AD$6)>0,"Present","Absent") -> Present | AE7: =IF(COUNTIFS('HQ Fleet Attendance'!$O:$O,Summary!$F$2-1,'HQ Fleet Attendance'!$E:$E,Summary!$Y7,'HQ Fleet Attendance'!$N:$N,Summary!AE$6)>0,"Present","Absent") -> Absent | AF7: =IF(COUNTIF(Z7:AE7,"Present")=1,10%,IF(COUNTIF(Z7:AE7,"Present")=2,20%,IF(COUNTIF(Z7:AE7,"Present")=3,40%,IF(COUNTIF(Z7:AE7,"Present")=4,60%,IF(COUNTIF(Z7:AE7,"Present")=5,80%,IF(COUNTIF(Z7:AE7,"Present")=6,100%,0%)))))) -> 0.6 | AG7: =COUNTIFS('HQ Fleet Attendance'!$O:$O,Summary!$F$2-1,'HQ Fleet Attendance'!$E:$E,Summary!$Y7) -> 15 | AH7: =RANK(AG7,AG7:AG19) -> 12
A8: ademola_akintayo | B8: =_xlfn.MAXIFS(HQ_Fleet_Attendance[data-end_time],HQ_Fleet_Attendance[data-section1-staff],Summary!A8) -> 44859.408 | C8: =_xlfn.MAXIFS('HQ Fleet Attendance'!P:P,'HQ Fleet Attendance'!E:E,Summary!A8) -> 44859 | D8: =IF(COUNTIFS('HQ Fleet Attendance'!Q:Q,Summary!$G$2,'HQ Fleet Attendance'!E:E,Summary!$A8,'HQ Fleet Attendance'!N:N,Summary!D$6)>0,"Present","Absent") -> Present | E8: =IF(COUNTIFS('HQ Fleet Attendance'!Q:Q,Summary!$G$2,'HQ Fleet Attendance'!E:E,Summary!$A8,'HQ Fleet Attendance'!N:N,Summary!E$6)>0,"Present","Absent") -> Present | F8: =IF(COUNTIFS('HQ Fleet Attendance'!Q:Q,Summary!$G$2,'HQ Fleet Attendance'!E:E,Summary!$A8,'HQ Fleet Attendance'!N:N,Summary!F$6)>0,"Present","Absent") -> Absent | G8: =IF(COUNTIFS('HQ Fleet Attendance'!Q:Q,Summary!$G$2,'HQ Fleet Attendance'!E:E,Summary!$A8,'HQ Fleet Attendance'!N:N,Summary!G$6)>0,"Present","Absent") -> Absent | H8: =IF(COUNTIFS('HQ Fleet Attendance'!Q:Q,Summary!$G$2,'HQ Fleet Attendance'!E:E,Summary!$A8,'HQ Fleet Attendance'!N:N,Summary!H$6)>0,"Present","Absent") -> Absent | I8: =IF(COUNTIFS('HQ Fleet Attendance'!Q:Q,Summary!$G$2,'HQ Fleet Attendance'!E:E,Summary!$A8,'HQ Fleet Attendance'!N:N,Summary!I$6)>0,"Present","Absent") -> Absent | J8: =IF(COUNTIF(D8:I8,"Present")=1,10%,IF(COUNTIF(D8:I8,"Present")=2,20%,IF(COUNTIF(D8:I8,"Present")=3,40%,IF(COUNTIF(D8:I8,"Present")=4,60%,IF(COUNTIF(D8:I8,"Present")=5,80%,IF(COUNTIF(D8:I8,"Present")=6,100%,0%)))))) -> 0.2 | K8: =COUNTIFS('HQ Fleet Attendance'!O:O,Summary!$F$2,'HQ Fleet Attendance'!E:E,Summary!A8) -> 19 | L8: =RANK(K8,K8:K20) -> 1 | N8: =A8 -> ademola_akintayo | O8: =IF(COUNTIFS('HQ Fleet Attendance'!$Q:$Q,Summary!$G$2-1,'HQ Fleet Attendance'!$E:$E,Summary!$A8,'HQ Fleet Attendance'!$N:$N,Summary!O$6)>0,"Present","Absent") -> Present | P8: =IF(COUNTIFS('HQ Fleet Attendance'!$Q:$Q,Summary!$G$2-1,'HQ Fleet Attendance'!$E:$E,Summary!$A8,'HQ Fleet Attendance'!$N:$N,Summary!P$6)>0,"Present","Absent") -> Present | Q8: =IF(COUNTIFS('HQ Fleet Attendance'!$Q:$Q,Summary!$G$2-1,'HQ Fleet Attendance'!$E:$E,Summary!$A8,'HQ Fleet Attendance'!$N:$N,Summary!Q$6)>0,"Present","Absent") -> Present | R8: =IF(COUNTIFS('HQ Fleet Attendance'!$Q:$Q,Summary!$G$2-1,'HQ Fleet Attendance'!$E:$E,Summary!$A8,'HQ Fleet Attendance'!$N:$N,Summary!R$6)>0,"Present","Absent") -> Present | S8: =IF(COUNTIFS('HQ Fleet Attendance'!$Q:$Q,Summary!$G$2-1,'HQ Fleet Attendance'!$E:$E,Summary!$A8,'HQ Fleet Attendance'!$N:$N,Summary!S$6)>0,"Present","Absent") -> Present | T8: =IF(COUNTIFS('HQ Fleet Attendance'!$Q:$Q,Summary!$G$2-1,'HQ Fleet Attendance'!$E:$E,Summary!$A8,'HQ Fleet Attendance'!$N:$N,Summary!T$6)>0,"Present","Absent") -> Present | U8: =IF(COUNTIF(O8:T8,"Present")=1,10%,IF(COUNTIF(O8:T8,"Present")=2,20%,IF(COUNTIF(O8:T8,"Present")=3,40%,IF(COUNTIF(O8:T8,"Present")=4,60%,IF(COUNTIF(O8:T8,"Present")=5,80%,IF(COUNTIF(O8:T8,"Present")=6,100%,0%)))))) -> 1 | V8: =COUNTIF(O8:T8,"Present") -> 6 | W8: =RANK(V8,V8:V20) -> 1 | Y8: =N8 -> ademola_akintayo | Z8: =IF(COUNTIFS('HQ Fleet Attendance'!$O:$O,Summary!$F$2-1,'HQ Fleet Attendance'!$E:$E,Summary!$Y8,'HQ Fleet Attendance'!$N:$N,Summary!Z$6)>0,"Present","Absent") -> Present | AA8: =IF(COUNTIFS('HQ Fleet Attendance'!$O:$O,Summary!$F$2-1,'HQ Fleet Attendance'!$E:$E,Summary!$Y8,'HQ Fleet Attendance'!$N:$N,Summary!AA$6)>0,"Present","Absent") -> Present | AB8: =IF(COUNTIFS('HQ Fleet Attendance'!$O:$O,Summary!$F$2-1,'HQ Fleet Attendance'!$E:$E,Summary!$Y8,'HQ Fleet Attendance'!$N:$N,Summary!AB$6)>0,"Present","Absent") -> Present | AC8: =IF(COUNTIFS('HQ Fleet Attendance'!$O:$O,Summary!$F$2-1,'HQ Fleet Attendance'!$E:$E,Summary!$Y8,'HQ Fleet Attendance'!$N:$N,Summary!AC$6)>0,"Present","Absent") -> Present | AD8: =IF(COUNTIFS('HQ Fleet Attendance'!$O:$O,Summary!$F$2-1,'HQ Fleet Attendance'!$E:$E,Summary!$Y8,'HQ Fleet Attendance'!$N:$N,Summary!AD$6)>0,"Present","Absent") -> Present | AE8: =IF(COUNTIFS('HQ Fleet Attendance'!$O:$O,Summary!$F$2-1,'HQ Fleet Attendance'!$E:$E,Summary!$Y8,'HQ Fleet Attendance'!$N:$N,Summary!AE$6)>0,"Present","Absent") -> Present | AF8: =IF(COUNTIF(Z8:AE8,"Present")=1,10%,IF(COUNTIF(Z8:AE8,"Present")=2,20%,IF(COUNTIF(Z8:AE8,"Present")=3,40%,IF(COUNTIF(Z8:AE8,"Present")=4,60%,IF(COUNTIF(Z8:AE8,"Present")=5,80%,IF(COUNTIF(Z8:AE8,"Present")=6,100%,0%)))))) -> 1 | AG8: =COUNTIFS('HQ Fleet Attendance'!$O:$O,Summary!$F$2-1,'HQ Fleet Attendance'!$E:$E,Summary!$Y8) -> 25 | AH8: =RANK(AG8,AG8:AG20) -> 2
A9: ayo_bamidele | B9: =_xlfn.MAXIFS(HQ_Fleet_Attendance[data-end_time],HQ_Fleet_Attendance[data-section1-staff],Summary!A9) -> 44859.408 | C9: =_xlfn.MAXIFS('HQ Fleet Attendance'!P:P,'HQ Fleet Attendance'!E:E,Summary!A9) -> 44859 | D9: =IF(COUNTIFS('HQ Fleet Attendance'!Q:Q,Summary!$G$2,'HQ Fleet Attendance'!E:E,Summary!$A9,'HQ Fleet Attendance'!N:N,Summary!D$6)>0,"Present","Absent") -> Present | E9: =IF(COUNTIFS('HQ Fleet Attendance'!Q:Q,Summary!$G$2,'HQ Fleet Attendance'!E:E,Summary!$A9,'HQ Fleet Attendance'!N:N,Summary!E$6)>0,"Present","Absent") -> Present | F9: =IF(COUNTIFS('HQ Fleet Attendance'!Q:Q,Summary!$G$2,'HQ Fleet Attendance'!E:E,Summary!$A9,'HQ Fleet Attendance'!N:N,Summary!F$6)>0,"Present","Absent") -> Absent | G9: =IF(COUNTIFS('HQ Fleet Attendance'!Q:Q,Summary!$G$2,'HQ Fleet Attendance'!E:E,Summary!$A9,'HQ Fleet Attendance'!N:N,Summary!G$6)>0,"Present","Absent") -> Absent | H9: =IF(COUNTIFS('HQ Fleet Attendance'!Q:Q,Summary!$G$2,'HQ Fleet Attendance'!E:E,Summary!$A9,'HQ Fleet Attendance'!N:N,Summary!H$6)>0,"Present","Absent") -> Absent | I9: =IF(COUNTIFS('HQ Fleet Attendance'!Q:Q,Summary!$G$2,'HQ Fleet Attendance'!E:E,Summary!$A9,'HQ Fleet Attendance'!N:N,Summary!I$6)>0,"Present","Absent") -> Absent | J9: =IF(COUNTIF(D9:I9,"Present")=1,10%,IF(COUNTIF(D9:I9,"Present")=2,20%,IF(COUNTIF(D9:I9,"Present")=3,40%,IF(COUNTIF(D9:I9,"Present")=4,60%,IF(COUNTIF(D9:I9,"Present")=5,80%,IF(COUNTIF(D9:I9,"Present")=6,100%,0%)))))) -> 0.2 | K9: =COUNTIFS('HQ Fleet Attendance'!O:O,Summary!$F$2,'HQ Fleet Attendance'!E:E,Summary!A9) -> 19 | L9: =RANK(K9,K9:K21) -> 1 | N9: =A9 -> ayo_bamidele | O9: =IF(COUNTIFS('HQ Fleet Attendance'!$Q:$Q,Summary!$G$2-1,'HQ Fleet Attendance'!$E:$E,Summary!$A9,'HQ Fleet Attendance'!$N:$N,Summary!O$6)>0,"Present","Absent") -> Present | P9: =IF(COUNTIFS('HQ Fleet Attendance'!$Q:$Q,Summary!$G$2-1,'HQ Fleet Attendance'!$E:$E,Summary!$A9,'HQ Fleet Attendance'!$N:$N,Summary!P$6)>0,"Present","Absent") -> Present | Q9: =IF(COUNTIFS('HQ Fleet Attendance'!$Q:$Q,Summary!$G$2-1,'HQ Fleet Attendance'!$E:$E,Summary!$A9,'HQ Fleet Attendance'!$N:$N,Summary!Q$6)>0,"Present","Absent") -> Present | R9: =IF(COUNTIFS('HQ Fleet Attendance'!$Q:$Q,Summary!$G$2-1,'HQ Fleet Attendance'!$E:$E,Summary!$A9,'HQ Fleet Attendance'!$N:$N,Summary!R$6)>0,"Present","Absent") -> Present | S9: =IF(COUNTIFS('HQ Fleet Attendance'!$Q:$Q,Summary!$G$2-1,'HQ Fleet Attendance'!$E:$E,Summary!$A9,'HQ Fleet Attendance'!$N:$N,Summary!S$6)>0,"Present","Absent") -> Present | T9: =IF(COUNTIFS('HQ Fleet Attendance'!$Q:$Q,Summary!$G$2-1,'HQ Fleet Attendance'!$E:$E,Summary!$A9,'HQ Fleet Attendance'!$N:$N,Summary!T$6)>0,"Present","Absent") -> Present | U9: =IF(COUNTIF(O9:T9,"Present")=1,10%,IF(COUNTIF(O9:T9,"Present")=2,20%,IF(COUNTIF(O9:T9,"Present")=3,40%,IF(COUNTIF(O9:T9,"Present")=4,60%,IF(COUNTIF(O9:T9,"Present")=5,80%,IF(COUNTIF(O9:T9,"Present")=6,100%,0%)))))) -> 1 | V9: =COUNTIF(O9:T9,"Present") -> 6 | W9: =RANK(V9,V9:V21) -> 1 | Y9: =N9 -> ayo_bamidele | Z9: =IF(COUNTIFS('HQ Fleet Attendance'!$O:$O,Summary!$F$2-1,'HQ Fleet Attendance'!$E:$E,Summary!$Y9,'HQ Fleet Attendance'!$N:$N,Summary!Z$6)>0,"Present","Absent") -> Present | AA9: =IF(COUNTIFS('HQ Fleet Attendance'!$O:$O,Summary!$F$2-1,'HQ Fleet Attendance'!$E:$E,Summary!$Y9,'HQ Fleet Attendance'!$N:$N,Summary!AA$6)>0,"Present","Absent") -> Present | AB9: =IF(COUNTIFS('HQ Fleet Attendance'!$O:$O,Summary!$F$2-1,'HQ Fleet Attendance'!$E:$E,Summary!$Y9,'HQ Fleet Attendance'!$N:$N,Summary!AB$6)>0,"Present","Absent") -> Present | AC9: =IF(COUNTIFS('HQ Fleet Attendance'!$O:$O,Summary!$F$2-1,'HQ Fleet Attendance'!$E:$E,Summary!$Y9,'HQ Fleet Attendance'!$N:$N,Summary!AC$6)>0,"Present","Absent") -> Present | AD9: =IF(COUNTIFS('HQ Fleet Attendance'!$O:$O,Summary!$F$2-1,'HQ Fleet Attendance'!$E:$E,Summary!$Y9,'HQ Fleet Attendance'!$N:$N,Summary!AD$6)>0,"Present","Absent") -> Present | AE9: =IF(COUNTIFS('HQ Fleet Attendance'!$O:$O,Summary!$F$2-1,'HQ Fleet Attendance'!$E:$E,Summary!$Y9,'HQ Fleet Attendance'!$N:$N,Summary!AE$6)>0,"Present","Absent") -> Present | AF9: =IF(COUNTIF(Z9:AE9,"Present")=1,10%,IF(COUNTIF(Z9:AE9,"Present")=2,20%,IF(COUNTIF(Z9:AE9,"Present")=3,40%,IF(COUNTIF(Z9:AE9,"Present")=4,60%,IF(COUNTIF(Z9:AE9,"Present")=5,80%,IF(COUNTIF(Z9:AE9,"Present")=6,100%,0%)))))) -> 1 | AG9: =COUNTIFS('HQ Fleet Attendance'!$O:$O,Summary!$F$2-1,'HQ Fleet Attendance'!$E:$E,Summary!$Y9) -> 22 | AH9: =RANK(AG9,AG9:AG21) -> 7
A10: babatunde_afeez | B10: =_xlfn.MAXIFS(HQ_Fleet_Attendance[data-end_time],HQ_Fleet_Attendance[data-section1-staff],Summary!A10) -> 44859.408 | C10: =_xlfn.MAXIFS('HQ Fleet Attendance'!P:P,'HQ Fleet Attendance'!E:E,Summary!A10) -> 44859 | D10: =IF(COUNTIFS('HQ Fleet Attendance'!Q:Q,Summary!$G$2,'HQ Fleet Attendance'!E:E,Summary!$A10,'HQ Fleet Attendance'!N:N,Summary!D$6)>0,"Present","Absent") -> Present | E10: =IF(COUNTIFS('HQ Fleet Attendance'!Q:Q,Summary!$G$2,'HQ Fleet Attendance'!E:E,Summary!$A10,'HQ Fleet Attendance'!N:N,Summary!E$6)>0,"Present","Absent") -> Present | F10: =IF(COUNTIFS('HQ Fleet Attendance'!Q:Q,Summary!$G$2,'HQ Fleet Attendance'!E:E,Summary!$A10,'HQ Fleet Attendance'!N:N,Summary!F$6)>0,"Present","Absent") -> Absent | G10: =IF(COUNTIFS('HQ Fleet Attendance'!Q:Q,Summary!$G$2,'HQ Fleet Attendance'!E:E,Summary!$A10,'HQ Fleet Attendance'!N:N,Summary!G$6)>0,"Present","Absent") -> Absent | H10: =IF(COUNTIFS('HQ Fleet Attendance'!Q:Q,Summary!$G$2,'HQ Fleet Attendance'!E:E,Summary!$A10,'HQ Fleet Attendance'!N:N,Summary!H$6)>0,"Present","Absent") -> Absent | I10: =IF(COUNTIFS('HQ Fleet Attendance'!Q:Q,Summary!$G$2,'HQ Fleet Attendance'!E:E,Summary!$A10,'HQ Fleet Attendance'!N:N,Summary!I$6)>0,"Present","Absent") -> Absent | J10: =IF(COUNTIF(D10:I10,"Present")=1,10%,IF(COUNTIF(D10:I10,"Present")=2,20%,IF(COUNTIF(D10:I10,"Present")=3,40%,IF(COUNTIF(D10:I10,"Present")=4,60%,IF(COUNTIF(D10:I10,"Present")=5,80%,IF(COUNTIF(D10:I10,"Present")=6,100%,0%)))))) -> 0.2 | K10: =COUNTIFS('HQ Fleet Attendance'!O:O,Summary!$F$2,'HQ Fleet Attendance'!E:E,Summary!A10) -> 16 | L10: =RANK(K10,K10:K22) -> 6 | N10: =A10 -> babatunde_afeez | O10: =IF(COUNTIFS('HQ Fleet Attendance'!$Q:$Q,Summary!$G$2-1,'HQ Fleet Attendance'!$E:$E,Summary!$A10,'HQ Fleet Attendance'!$N:$N,Summary!O$6)>0,"Present","Absent") -> Present | P10: =IF(COUNTIFS('HQ Fleet Attendance'!$Q:$Q,Summary!$G$2-1,'HQ Fleet Attendance'!$E:$E,Summary!$A10,'HQ Fleet Attendance'!$N:$N,Summary!P$6)>0,"Present","Absent") -> Present | Q10: =IF(COUNTIFS('HQ Fleet Attendance'!$Q:$Q,Summary!$G$2-1,'HQ Fleet Attendance'!$E:$E,Summary!$A10,'HQ Fleet Attendance'!$N:$N,Summary!Q$6)>0,"Present","Absent") -> Present | R10: =IF(COUNTIFS('HQ Fleet Attendance'!$Q:$Q,Summary!$G$2-1,'HQ Fleet Attendance'!$E:$E,Summary!$A10,'HQ Fleet Attendance'!$N:$N,Summary!R$6)>0,"Present","Absent") -> Present | S10: =IF(COUNTIFS('HQ Fleet Attendance'!$Q:$Q,Summary!$G$2-1,'HQ Fleet Attendance'!$E:$E,Summary!$A10,'HQ Fleet Attendance'!$N:$N,Summary!S$6)>0,"Present","Absent") -> Present | T10: =IF(COUNTIFS('HQ Fleet Attendance'!$Q:$Q,Summary!$G$2-1,'HQ Fleet Attendance'!$E:$E,Summary!$A10,'HQ Fleet Attendance'!$N:$N,Summary!T$6)>0,"Present","Absent") -> Absent | U10: =IF(COUNTIF(O10:T10,"Present")=1,10%,IF(COUNTIF(O10:T10,"Present")=2,20%,IF(COUNTIF(O10:T10,"Present")=3,40%,IF(COUNTIF(O10:T10,"Present")=4,60%,IF(COUNTIF(O10:T10,"Present")=5,80%,IF(COUNTIF(O10:T10,"Present")=6,100%,0%)))))) -> 0.8 | V10: =COUNTIF(O10:T10,"Present") -> 5 | W10: =RANK(V10,V10:V22) -> 8 | Y10: =N10 -> babatunde_afeez | Z10: =IF(COUNTIFS('HQ Fleet Attendance'!$O:$O,Summary!$F$2-1,'HQ Fleet Attendance'!$E:$E,Summary!$Y10,'HQ Fleet Attendance'!$N:$N,Summary!Z$6)>0,"Present","Absent") -> Present | AA10: =IF(COUNTIFS('HQ Fleet Attendance'!$O:$O,Summary!$F$2-1,'HQ Fleet Attendance'!$E:$E,Summary!$Y10,'HQ Fleet Attendance'!$N:$N,Summary!AA$6)>0,"Present","Absent") -> Present | AB10: =IF(COUNTIFS('HQ Fleet Attendance'!$O:$O,Summary!$F$2-1,'HQ Fleet Attendance'!$E:$E,Summary!$Y10,'HQ Fleet Attendance'!$N:$N,Summary!AB$6)>0,"Present","Absent") -> Present | AC10: =IF(COUNTIFS('HQ Fleet Attendance'!$O:$O,Summary!$F$2-1,'HQ Fleet Attendance'!$E:$E,Summary!$Y10,'HQ Fleet Attendance'!$N:$N,Summary!AC$6)>0,"Present","Absent") -> Present | AD10: =IF(COUNTIFS('HQ Fleet Attendance'!$O:$O,Summary!$F$2-1,'HQ Fleet Attendance'!$E:$E,Summary!$Y10,'HQ Fleet Attendance'!$N:$N,Summary!AD$6)>0,"Present","Absent") -> Present | AE10: =IF(COUNTIFS('HQ Fleet Attendance'!$O:$O,Summary!$F$2-1,'HQ Fleet Attendance'!$E:$E,Summary!$Y10,'HQ Fleet Attendance'!$N:$N,Summary!AE$6)>0,"Present","Absent") -> Present | AF10: =IF(COUNTIF(Z10:AE10,"Present")=1,10%,IF(COUNTIF(Z10:AE10,"Present")=2,20%,IF(COUNTIF(Z10:AE10,"Present")=3,40%,IF(COUNTIF(Z10:AE10,"Present")=4,60%,IF(COUNTIF(Z10:AE10,"Present")=5,80%,IF(COUNTIF(Z10:AE10,"Present")=6,100%,0%)))))) -> 1 | AG10: =COUNTIFS('HQ Fleet Attendance'!$O:$O,Summary!$F$2-1,'HQ Fleet Attendance'!$E:$E,Summary!$Y10) -> 18 | AH10: =RANK(AG10,AG10:AG22) -> 9
A11: chibuzo_nwankwo | B11: =_xlfn.MAXIFS(HQ_Fleet_Attendance[data-end_time],HQ_Fleet_Attendance[data-section1-staff],Summary!A11) -> 44859.408 | C11: =_xlfn.MAXIFS('HQ Fleet Attendance'!P:P,'HQ Fleet Attendance'!E:E,Summary!A11) -> 44859 | D11: =IF(COUNTIFS('HQ Fleet Attendance'!Q:Q,Summary!$G$2,'HQ Fleet Attendance'!E:E,Summary!$A11,'HQ Fleet Attendance'!N:N,Summary!D$6)>0,"Present","Absent") -> Present | E11: =IF(COUNTIFS('HQ Fleet Attendance'!Q:Q,Summary!$G$2,'HQ Fleet Attendance'!E:E,Summary!$A11,'HQ Fleet Attendance'!N:N,Summary!E$6)>0,"Present","Absent") -> Present | F11: =IF(COUNTIFS('HQ Fleet Attendance'!Q:Q,Summary!$G$2,'HQ Fleet Attendance'!E:E,Summary!$A11,'HQ Fleet Attendance'!N:N,Summary!F$6)>0,"Present","Absent") -> Absent | G11: =IF(COUNTIFS('HQ Fleet Attendance'!Q:Q,Summary!$G$2,'HQ Fleet Attendance'!E:E,Summary!$A11,'HQ Fleet Attendance'!N:N,Summary!G$6)>0,"Present","Absent") -> Absent | H11: =IF(COUNTIFS('HQ Fleet Attendance'!Q:Q,Summary!$G$2,'HQ Fleet Attendance'!E:E,Summary!$A11,'HQ Fleet Attendance'!N:N,Summary!H$6)>0,"Present","Absent") -> Absent | I11: =IF(COUNTIFS('HQ Fleet Attendance'!Q:Q,Summary!$G$2,'HQ Fleet Attendance'!E:E,Summary!$A11,'HQ Fleet Attendance'!N:N,Summary!I$6)>0,"Present","Absent") -> Absent | J11: =IF(COUNTIF(D11:I11,"Present")=1,10%,IF(COUNTIF(D11:I11,"Present")=2,20%,IF(COUNTIF(D11:I11,"Present")=3,40%,IF(COUNTIF(D11:I11,"Present")=4,60%,IF(COUNTIF(D11:I11,"Present")=5,80%,IF(COUNTIF(D11:I11,"Present")=6,100%,0%)))))) -> 0.2 | K11: =COUNTIFS('HQ Fleet Attendance'!O:O,Summary!$F$2,'HQ Fleet Attendance'!E:E,Summary!A11) -> 15 | L11: =RANK(K11,K11:K23) -> 6 | N11: =A11 -> chibuzo_nwankwo | O11: =IF(COUNTIFS('HQ Fleet Attendance'!$Q:$Q,Summary!$G$2-1,'HQ Fleet Attendance'!$E:$E,Summary!$A11,'HQ Fleet Attendance'!$N:$N,Summary!O$6)>0,"Present","Absent") -> Present | P11: =IF(COUNTIFS('HQ Fleet Attendance'!$Q:$Q,Summary!$G$2-1,'HQ Fleet Attendance'!$E:$E,Summary!$A11,'HQ Fleet Attendance'!$N:$N,Summary!P$6)>0,"Present","Absent") -> Present | Q11: =IF(COUNTIFS('HQ Fleet Attendance'!$Q:$Q,Summary!$G$2-1,'HQ Fleet Attendance'!$E:$E,Summary!$A11,'HQ Fleet Attendance'!$N:$N,Summary!Q$6)>0,"Present","Absent") -> Present | R11: =IF(COUNTIFS('HQ Fleet Attendance'!$Q:$Q,Summary!$G$2-1,'HQ Fleet Attendance'!$E:$E,Summary!$A11,'HQ Fleet Attendance'!$N:$N,Summary!R$6)>0,"Present","Absent") -> Present | S11: =IF(COUNTIFS('HQ Fleet Attendance'!$Q:$Q,Summary!$G$2-1,'HQ Fleet Attendance'!$E:$E,Summary!$A11,'HQ Fleet Attendance'!$N:$N,Summary!S$6)>0,"Present","Absent") -> Present | T11: =IF(COUNTIFS('HQ Fleet Attendance'!$Q:$Q,Summary!$G$2-1,'HQ Fleet Attendance'!$E:$E,Summary!$A11,'HQ Fleet Attendance'!$N:$N,Summary!T$6)>0,"Present","Absent") -> Present | U11: =IF(COUNTIF(O11:T11,"Present")=1,10%,IF(COUNTIF(O11:T11,"Present")=2,20%,IF(COUNTIF(O11:T11,"Present")=3,40%,IF(COUNTIF(O11:T11,"Present")=4,60%,IF(COUNTIF(O11:T11,"Present")=5,80%,IF(COUNTIF(O11:T11,"Present")=6,100%,0%)))))) -> 1 | V11: =COUNTIF(O11:T11,"Present") -> 6 | W11: =RANK(V11,V11:V23) -> 1 | Y11: =N11 -> chibuzo_nwankwo | Z11: =IF(COUNTIFS('HQ Fleet Attendance'!$O:$O,Summary!$F$2-1,'HQ Fleet Attendance'!$E:$E,Summary!$Y11,'HQ Fleet Attendance'!$N:$N,Summary!Z$6)>0,"Present","Absent") -> Present | AA11: =IF(COUNTIFS('HQ Fleet Attendance'!$O:$O,Summary!$F$2-1,'HQ Fleet Attendance'!$E:$E,Summary!$Y11,'HQ Fleet Attendance'!$N:$N,Summary!AA$6)>0,"Present","Absent") -> Present | AB11: =IF(COUNTIFS('HQ Fleet Attendance'!$O:$O,Summary!$F$2-1,'HQ Fleet Attendance'!$E:$E,Summary!$Y11,'HQ Fleet Attendance'!$N:$N,Summary!AB$6)>0,"Present","Absent") -> Present | AC11: =IF(COUNTIFS('HQ Fleet Attendance'!$O:$O,Summary!$F$2-1,'HQ Fleet Attendance'!$E:$E,Summary!$Y11,'HQ Fleet Attendance'!$N:$N,Summary!AC$6)>0,"Present","Absent") -> Present | AD11: =IF(COUNTIFS('HQ Fleet Attendance'!$O:$O,Summary!$F$2-1,'HQ Fleet Attendance'!$E:$E,Summary!$Y11,'HQ Fleet Attendance'!$N:$N,Summary!AD$6)>0,"Present","Absent") -> Present | AE11: =IF(COUNTIFS('HQ Fleet Attendance'!$O:$O,Summary!$F$2-1,'HQ Fleet Attendance'!$E:$E,Summary!$Y11,'HQ Fleet Attendance'!$N:$N,Summary!AE$6)>0,"Present","Absent") -> Present | AF11: =IF(COUNTIF(Z11:AE11,"Present")=1,10%,IF(COUNTIF(Z11:AE11,"Present")=2,20%,IF(COUNTIF(Z11:AE11,"Present")=3,40%,IF(COUNTIF(Z11:AE11,"Present")=4,60%,IF(COUNTIF(Z11:AE11,"Present")=5,80%,IF(COUNTIF(Z11:AE11,"Present")=6,100%,0%)))))) -> 1 | AG11: =COUNTIFS('HQ Fleet Attendance'!$O:$O,Summary!$F$2-1,'HQ Fleet Attendance'!$E:$E,Summary!$Y11) -> 24 | AH11: =RANK(AG11,AG11:AG23) -> 4
A12: david_jimba | B12: =_xlfn.MAXIFS(HQ_Fleet_Attendance[data-end_time],HQ_Fleet_Attendance[data-section1-staff],Summary!A12) -> 44859.408 | C12: =_xlfn.MAXIFS('HQ Fleet Attendance'!P:P,'HQ Fleet Attendance'!E:E,Summary!A12) -> 44859 | D12: =IF(COUNTIFS('HQ Fleet Attendance'!Q:Q,Summary!$G$2,'HQ Fleet Attendance'!E:E,Summary!$A12,'HQ Fleet Attendance'!N:N,Summary!D$6)>0,"Present","Absent") -> Present | E12: =IF(COUNTIFS('HQ Fleet Attendance'!Q:Q,Summary!$G$2,'HQ Fleet Attendance'!E:E,Summary!$A12,'HQ Fleet Attendance'!N:N,Summary!E$6)>0,"Present","Absent") -> Present | F12: =IF(COUNTIFS('HQ Fleet Attendance'!Q:Q,Summary!$G$2,'HQ Fleet Attendance'!E:E,Summary!$A12,'HQ Fleet Attendance'!N:N,Summary!F$6)>0,"Present","Absent") -> Absent | G12: =IF(COUNTIFS('HQ Fleet Attendance'!Q:Q,Summary!$G$2,'HQ Fleet Attendance'!E:E,Summary!$A12,'HQ Fleet Attendance'!N:N,Summary!G$6)>0,"Present","Absent") -> Absent | H12: =IF(COUNTIFS('HQ Fleet Attendance'!Q:Q,Summary!$G$2,'HQ Fleet Attendance'!E:E,Summary!$A12,'HQ Fleet Attendance'!N:N,Summary!H$6)>0,"Present","Absent") -> Absent | I12: =IF(COUNTIFS('HQ Fleet Attendance'!Q:Q,Summary!$G$2,'HQ Fleet Attendance'!E:E,Summary!$A12,'HQ Fleet Attendance'!N:N,Summary!I$6)>0,"Present","Absent") -> Absent | J12: =IF(COUNTIF(D12:I12,"Present")=1,10%,IF(COUNTIF(D12:I12,"Present")=2,20%,IF(COUNTIF(D12:I12,"Present")=3,40%,IF(COUNTIF(D12:I12,"Present")=4,60%,IF(COUNTIF(D12:I12,"Present")=5,80%,IF(COUNTIF(D12:I12,"Present")=6,100%,0%)))))) -> 0.2 | K12: =COUNTIFS('HQ Fleet Attendance'!O:O,Summary!$F$2,'HQ Fleet Attendance'!E:E,Summary!A12) -> 19 | L12: =RANK(K12,K12:K24) -> 1 | N12: =A12 -> david_jimba | O12: =IF(COUNTIFS('HQ Fleet Attendance'!$Q:$Q,Summary!$G$2-1,'HQ Fleet Attendance'!$E:$E,Summary!$A12,'HQ Fleet Attendance'!$N:$N,Summary!O$6)>0,"Present","Absent") -> Present | P12: =IF(COUNTIFS('HQ Fleet Attendance'!$Q:$Q,Summary!$G$2-1,'HQ Fleet Attendance'!$E:$E,Summary!$A12,'HQ Fleet Attendance'!$N:$N,Summary!P$6)>0,"Present","Absent") -> Present | Q12: =IF(COUNTIFS('HQ Fleet Attendance'!$Q:$Q,Summary!$G$2-1,'HQ Fleet Attendance'!$E:$E,Summary!$A12,'HQ Fleet Attendance'!$N:$N,Summary!Q$6)>0,"Present","Absent") -> Present | R12: =IF(COUNTIFS('HQ Fleet Attendance'!$Q:$Q,Summary!$G$2-1,'HQ Fleet Attendance'!$E:$E,Summary!$A12,'HQ Fleet Attendance'!$N:$N,Summary!R$6)>0,"Present","Absent") -> Present | S12: =IF(COUNTIFS('HQ Fleet Attendance'!$Q:$Q,Summary!$G$2-1,'HQ Fleet Attendance'!$E:$E,Summary!$A12,'HQ Fleet Attendance'!$N:$N,Summary!S$6)>0,"Present","Absent") -> Present | T12: =IF(COUNTIFS('HQ Fleet Attendance'!$Q:$Q,Summary!$G$2-1,'HQ Fleet Attendance'!$E:$E,Summary!$A12,'HQ Fleet Attendance'!$N:$N,Summary!T$6)>0,"Present","Absent") -> Present | U12: =IF(COUNTIF(O12:T12,"Present")=1,10%,IF(COUNTIF(O12:T12,"Present")=2,20%,IF(COUNTIF(O12:T12,"Present")=3,40%,IF(COUNTIF(O12:T12,"Present")=4,60%,IF(COUNTIF(O12:T12,"Present")=5,80%,IF(COUNTIF(O12:T12,"Present")=6,100%,0%)))))) -> 1 | V12: =COUNTIF(O12:T12,"Present") -> 6 | W12: =RANK(V12,V12:V24) -> 1 | Y12: =N12 -> david_jimba | Z12: =IF(COUNTIFS('HQ Fleet Attendance'!$O:$O,Summary!$F$2-1,'HQ Fleet Attendance'!$E:$E,Summary!$Y12,'HQ Fleet Attendance'!$N:$N,Summary!Z$6)>0,"Present","Absent") -> Present | AA12: =IF(COUNTIFS('HQ Fleet Attendance'!$O:$O,Summary!$F$2-1,'HQ Fleet Attendance'!$E:$E,Summary!$Y12,'HQ Fleet Attendance'!$N:$N,Summary!AA$6)>0,"Present","Absent") -> Present | AB12: =IF(COUNTIFS('HQ Fleet Attendance'!$O:$O,Summary!$F$2-1,'HQ Fleet Attendance'!$E:$E,Summary!$Y12,'HQ Fleet Attendance'!$N:$N,Summary!AB$6)>0,"Present","Absent") -> Present | AC12: =IF(COUNTIFS('HQ Fleet Attendance'!$O:$O,Summary!$F$2-1,'HQ Fleet Attendance'!$E:$E,Summary!$Y12,'HQ Fleet Attendance'!$N:$N,Summary!AC$6)>0,"Present","Absent") -> Present | AD12: =IF(COUNTIFS('HQ Fleet Attendance'!$O:$O,Summary!$F$2-1,'HQ Fleet Attendance'!$E:$E,Summary!$Y12,'HQ Fleet Attendance'!$N:$N,Summary!AD$6)>0,"Present","Absent") -> Present | AE12: =IF(COUNTIFS('HQ Fleet Attendance'!$O:$O,Summary!$F$2-1,'HQ Fleet Attendance'!$E:$E,Summary!$Y12,'HQ Fleet Attendance'!$N:$N,Summary!AE$6)>0,"Present","Absent") -> Present | AF12: =IF(COUNTIF(Z12:AE12,"Present")=1,10%,IF(COUNTIF(Z12:AE12,"Present")=2,20%,IF(COUNTIF(Z12:AE12,"Present")=3,40%,IF(COUNTIF(Z12:AE12,"Present")=4,60%,IF(COUNTIF(Z12:AE12,"Present")=5,80%,IF(COUNTIF(Z12:AE12,"Present")=6,100%,0%)))))) -> 1 | AG12: =COUNTIFS('HQ Fleet Attendance'!$O:$O,Summary!$F$2-1,'HQ Fleet Attendance'!$E:$E,Summary!$Y12) -> 26 | AH12: =RANK(AG12,AG12:AG24) -> 1
A13: joseph_akpan | B13: =_xlfn.MAXIFS(HQ_Fleet_Attendance[data-end_time],HQ_Fleet_Attendance[data-section1-staff],Summary!A13) -> 44859.408 | C13: =_xlfn.MAXIFS('HQ Fleet Attendance'!P:P,'HQ Fleet Attendance'!E:E,Summary!A13) -> 44859 | D13: =IF(COUNTIFS('HQ Fleet Attendance'!Q:Q,Summary!$G$2,'HQ Fleet Attendance'!E:E,Summary!$A13,'HQ Fleet Attendance'!N:N,Summary!D$6)>0,"Present","Absent") -> Present | E13: =IF(COUNTIFS('HQ Fleet Attendance'!Q:Q,Summary!$G$2,'HQ Fleet Attendance'!E:E,Summary!$A13,'HQ Fleet Attendance'!N:N,Summary!E$6)>0,"Present","Absent") -> Present | F13: =IF(COUNTIFS('HQ Fleet Attendance'!Q:Q,Summary!$G$2,'HQ Fleet Attendance'!E:E,Summary!$A13,'HQ Fleet Attendance'!N:N,Summary!F$6)>0,"Present","Absent") -> Absent | G13: =IF(COUNTIFS('HQ Fleet Attendance'!Q:Q,Summary!$G$2,'HQ Fleet Attendance'!E:E,Summary!$A13,'HQ Fleet Attendance'!N:N,Summary!G$6)>0,"Present","Absent") -> Absent | H13: =IF(COUNTIFS('HQ Fleet Attendance'!Q:Q,Summary!$G$2,'HQ Fleet Attendance'!E:E,Summary!$A13,'HQ Fleet Attendance'!N:N,Summary!H$6)>0,"Present","Absent") -> Absent | I13: =IF(COUNTIFS('HQ Fleet Attendance'!Q:Q,Summary!$G$2,'HQ Fleet Attendance'!E:E,Summary!$A13,'HQ Fleet Attendance'!N:N,Summary!I$6)>0,"Present","Absent") -> Absent | J13: =IF(COUNTIF(D13:I13,"Present")=1,10%,IF(COUNTIF(D13:I13,"Present")=2,20%,IF(COUNTIF(D13:I13,"Present")=3,40%,IF(COUNTIF(D13:I13,"Present")=4,60%,IF(COUNTIF(D13:I13,"Present")=5,80%,IF(COUNTIF(D13:I13,"Present")=6,100%,0%)))))) -> 0.2 | K13: =COUNTIFS('HQ Fleet Attendance'!O:O,Summary!$F$2,'HQ Fleet Attendance'!E:E,Summary!A13) -> 19 | L13: =RANK(K13,K13:K25) -> 1 | N13: =A13 -> joseph_akpan | O13: =IF(COUNTIFS('HQ Fleet Attendance'!$Q:$Q,Summary!$G$2-1,'HQ Fleet Attendance'!$E:$E,Summary!$A13,'HQ Fleet Attendance'!$N:$N,Summary!O$6)>0,"Present","Absent") -> Present | P13: =IF(COUNTIFS('HQ Fleet Attendance'!$Q:$Q,Summary!$G$2-1,'HQ Fleet Attendance'!$E:$E,Summary!$A13,'HQ Fleet Attendance'!$N:$N,Summary!P$6)>0,"Present","Absent") -> Present | Q13: =IF(COUNTIFS('HQ Fleet Attendance'!$Q:$Q,Summary!$G$2-1,'HQ Fleet Attendance'!$E:$E,Summary!$A13,'HQ Fleet Attendance'!$N:$N,Summary!Q$6)>0,"Present","Absent") -> Present | R13: =IF(COUNTIFS('HQ Fleet Attendance'!$Q:$Q,Summary!$G$2-1,'HQ Fleet Attendance'!$E:$E,Summary!$A13,'HQ Fleet Attendance'!$N:$N,Summary!R$6)>0,"Present","Absent") -> Present | S13: =IF(COUNTIFS('HQ Fleet Attendance'!$Q:$Q,Summary!$G$2-1,'HQ Fleet Attendance'!$E:$E,Summary!$A13,'HQ Fleet Attendance'!$N:$N,Summary!S$6)>0,"Present","Absent") -> Present | T13: =IF(COUNTIFS('HQ Fleet Attendance'!$Q:$Q,Summary!$G$2-1,'HQ Fleet Attendance'!$E:$E,Summary!$A13,'HQ Fleet Attendance'!$N:$N,Summary!T$6)>0,"Present","Absent") -> Present | U13: =IF(COUNTIF(O13:T13,"Present")=1,10%,IF(COUNTIF(O13:T13,"Present")=2,20%,IF(COUNTIF(O13:T13,"Present")=3,40%,IF(COUNTIF(O13:T13,"Present")=4,60%,IF(COUNTIF(O13:T13,"Present")=5,80%,IF(COUNTIF(O13:T13,"Present")=6,100%,0%)))))) -> 1 | V13: =COUNTIF(O13:T13,"Present") -> 6 | W13: =RANK(V13,V13:V25) -> 1 | Y13: =N13 -> joseph_akpan | Z13: =IF(COUNTIFS('HQ Fleet Attendance'!$O:$O,Summary!$F$2-1,'HQ Fleet Attendance'!$E:$E,Summary!$Y13,'HQ Fleet Attendance'!$N:$N,Summary!Z$6)>0,"Present","Absent") -> Present | AA13: =IF(COUNTIFS('HQ Fleet Attendance'!$O:$O,Summary!$F$2-1,'HQ Fleet Attendance'!$E:$E,Summary!$Y13,'HQ Fleet Attendance'!$N:$N,Summary!AA$6)>0,"Present","Absent") -> Present | AB13: =IF(COUNTIFS('HQ Fleet Attendance'!$O:$O,Summary!$F$2-1,'HQ Fleet Attendance'!$E:$E,Summary!$Y13,'HQ Fleet Attendance'!$N:$N,Summary!AB$6)>0,"Present","Absent") -> Present | AC13: =IF(COUNTIFS('HQ Fleet Attendance'!$O:$O,Summary!$F$2-1,'HQ Fleet Attendance'!$E:$E,Summary!$Y13,'HQ Fleet Attendance'!$N:$N,Summary!AC$6)>0,"Present","Absent") -> Present | AD13: =IF(COUNTIFS('HQ Fleet Attendance'!$O:$O,Summary!$F$2-1,'HQ Fleet Attendance'!$E:$E,Summary!$Y13,'HQ Fleet Attendance'!$N:$N,Summary!AD$6)>0,"Present","Absent") -> Present | AE13: =IF(COUNTIFS('HQ Fleet Attendance'!$O:$O,Summary!$F$2-1,'HQ Fleet Attendance'!$E:$E,Summary!$Y13,'HQ Fleet Attendance'!$N:$N,Summary!AE$6)>0,"Present","Absent") -> Present | AF13: =IF(COUNTIF(Z13:AE13,"Present")=1,10%,IF(COUNTIF(Z13:AE13,"Present")=2,20%,IF(COUNTIF(Z13:AE13,"Present")=3,40%,IF(COUNTIF(Z13:AE13,"Present")=4,60%,IF(COUNTIF(Z13:AE13,"Present")=5,80%,IF(COUNTIF(Z13:AE13,"Present")=6,100%,0%)))))) -> 1 | AG13: =COUNTIFS('HQ Fleet Attendance'!$O:$O,Summary!$F$2-1,'HQ Fleet Attendance'!$E:$E,Summary!$Y13) -> 25 | AH13: =RANK(AG13,AG13:AG25) -> 1
A14: kenedy_onaise | B14: =_xlfn.MAXIFS(HQ_Fleet_Attendance[data-end_time],HQ_Fleet_Attendance[data-section1-staff],Summary!A14) -> 44859.408 | C14: =_xlfn.MAXIFS('HQ Fleet Attendance'!P:P,'HQ Fleet Attendance'!E:E,Summary!A14) -> 44859 | D14: =IF(COUNTIFS('HQ Fleet Attendance'!Q:Q,Summary!$G$2,'HQ Fleet Attendance'!E:E,Summary!$A14,'HQ Fleet Attendance'!N:N,Summary!D$6)>0,"Present","Absent") -> Present | E14: =IF(COUNTIFS('HQ Fleet Attendance'!Q:Q,Summary!$G$2,'HQ Fleet Attendance'!E:E,Summary!$A14,'HQ Fleet Attendance'!N:N,Summary!E$6)>0,"Present","Absent") -> Present | F14: =IF(COUNTIFS('HQ Fleet Attendance'!Q:Q,Summary!$G$2,'HQ Fleet Attendance'!E:E,Summary!$A14,'HQ Fleet Attendance'!N:N,Summary!F$6)>0,"Present","Absent") -> Absent | G14: =IF(COUNTIFS('HQ Fleet Attendance'!Q:Q,Summary!$G$2,'HQ Fleet Attendance'!E:E,Summary!$A14,'HQ Fleet Attendance'!N:N,Summary!G$6)>0,"Present","Absent") -> Absent | H14: =IF(COUNTIFS('HQ Fleet Attendance'!Q:Q,Summary!$G$2,'HQ Fleet Attendance'!E:E,Summary!$A14,'HQ Fleet Attendance'!N:N,Summary!H$6)>0,"Present","Absent") -> Absent | I14: =IF(COUNTIFS('HQ Fleet Attendance'!Q:Q,Summary!$G$2,'HQ Fleet Attendance'!E:E,Summary!$A14,'HQ Fleet Attendance'!N:N,Summary!I$6)>0,"Present","Absent") -> Absent | J14: =IF(COUNTIF(D14:I14,"Present")=1,10%,IF(COUNTIF(D14:I14,"Present")=2,20%,IF(COUNTIF(D14:I14,"Present")=3,40%,IF(COUNTIF(D14:I14,"Present")=4,60%,IF(COUNTIF(D14:I14,"Present")=5,80%,IF(COUNTIF(D14:I14,"Present")=6,100%,0%)))))) -> 0.2 | K14: =COUNTIFS('HQ Fleet Attendance'!O:O,Summary!$F$2,'HQ Fleet Attendance'!E:E,Summary!A14) -> 19 | L14: =RANK(K14,K14:K26) -> 1 | N14: =A14 -> kenedy_onaise | O14: =IF(COUNTIFS('HQ Fleet Attendance'!$Q:$Q,Summary!$G$2-1,'HQ Fleet Attendance'!$E:$E,Summary!$A14,'HQ Fleet Attendance'!$N:$N,Summary!O$6)>0,"Present","Absent") -> Present | P14: =IF(COUNTIFS('HQ Fleet Attendance'!$Q:$Q,Summary!$G$2-1,'HQ Fleet Attendance'!$E:$E,Summary!$A14,'HQ Fleet Attendance'!$N:$N,Summary!P$6)>0,"Present","Absent") -> Present | Q14: =IF(COUNTIFS('HQ Fleet Attendance'!$Q:$Q,Summary!$G$2-1,'HQ Fleet Attendance'!$E:$E,Summary!$A14,'HQ Fleet Attendance'!$N:$N,Summary!Q$6)>0,"Present","Absent") -> Present | R14: =IF(COUNTIFS('HQ Fleet Attendance'!$Q:$Q,Summary!$G$2-1,'HQ Fleet Attendance'!$E:$E,Summary!$A14,'HQ Fleet Attendance'!$N:$N,Summary!R$6)>0,"Present","Absent") -> Present | S14: =IF(COUNTIFS('HQ Fleet Attendance'!$Q:$Q,Summary!$G$2-1,'HQ Fleet Attendance'!$E:$E,Summary!$A14,'HQ Fleet Attendance'!$N:$N,Summary!S$6)>0,"Present","Absent") -> Present | T14: =IF(COUNTIFS('HQ Fleet Attendance'!$Q:$Q,Summary!$G$2-1,'HQ Fleet Attendance'!$E:$E,Summary!$A14,'HQ Fleet Attendance'!$N:$N,Summary!T$6)>0,"Present","Absent") -> Present | U14: =IF(COUNTIF(O14:T14,"Present")=1,10%,IF(COUNTIF(O14:T14,"Present")=2,20%,IF(COUNTIF(O14:T14,"Present")=3,40%,IF(COUNTIF(O14:T14,"Present")=4,60%,IF(COUNTIF(O14:T14,"Present")=5,80%,IF(COUNTIF(O14:T14,"Present")=6,100%,0%)))))) -> 1 | V14: =COUNTIF(O14:T14,"Present") -> 6 | W14: =RANK(V14,V14:V26) -> 1 | Y14: =N14 -> kenedy_onaise | Z14: =IF(COUNTIFS('HQ Fleet Attendance'!$O:$O,Summary!$F$2-1,'HQ Fleet Attendance'!$E:$E,Summary!$Y14,'HQ Fleet Attendance'!$N:$N,Summary!Z$6)>0,"Present","Absent") -> Present | AA14: =IF(COUNTIFS('HQ Fleet Attendance'!$O:$O,Summary!$F$2-1,'HQ Fleet Attendance'!$E:$E,Summary!$Y14,'HQ Fleet Attendance'!$N:$N,Summary!AA$6)>0,"Present","Absent") -> Present | AB14: =IF(COUNTIFS('HQ Fleet Attendance'!$O:$O,Summary!$F$2-1,'HQ Fleet Attendance'!$E:$E,Summary!$Y14,'HQ Fleet Attendance'!$N:$N,Summary!AB$6)>0,"Present","Absent") -> Present | AC14: =IF(COUNTIFS('HQ Fleet Attendance'!$O:$O,Summary!$F$2-1,'HQ Fleet Attendance'!$E:$E,Summary!$Y14,'HQ Fleet Attendance'!$N:$N,Summary!AC$6)>0,"Present","Absent") -> Present | AD14: =IF(COUNTIFS('HQ Fleet Attendance'!$O:$O,Summary!$F$2-1,'HQ Fleet Attendance'!$E:$E,Summary!$Y14,'HQ Fleet Attendance'!$N:$N,Summary!AD$6)>0,"Present","Absent") -> Present | AE14: =IF(COUNTIFS('HQ Fleet Attendance'!$O:$O,Summary!$F$2-1,'HQ Fleet Attendance'!$E:$E,Summary!$Y14,'HQ Fleet Attendance'!$N:$N,Summary!AE$6)>0,"Present","Absent") -> Present | AF14: =IF(COUNTIF(Z14:AE14,"Present")=1,10%,IF(COUNTIF(Z14:AE14,"Present")=2,20%,IF(COUNTIF(Z14:AE14,"Present")=3,40%,IF(COUNTIF(Z14:AE14,"Present")=4,60%,IF(COUNTIF(Z14:AE14,"Present")=5,80%,IF(COUNTIF(Z14:AE14,"Present")=6,100%,0%)))))) -> 1 | AG14: =COUNTIFS('HQ Fleet Attendance'!$O:$O,Summary!$F$2-1,'HQ Fleet Attendance'!$E:$E,Summary!$Y14) -> 21 | AH14: =RANK(AG14,AG14:AG26) -> 4
A15: michael_omotosho | B15: =_xlfn.MAXIFS(HQ_Fleet_Attendance[data-end_time],HQ_Fleet_Attendance[data-section1-staff],Summary!A15) -> 44859.409 | C15: =_xlfn.MAXIFS('HQ Fleet Attendance'!P:P,'HQ Fleet Attendance'!E:E,Summary!A15) -> 44859 | D15: =IF(COUNTIFS('HQ Fleet Attendance'!Q:Q,Summary!$G$2,'HQ Fleet Attendance'!E:E,Summary!$A15,'HQ Fleet Attendance'!N:N,Summary!D$6)>0,"Present","Absent") -> Present | E15: =IF(COUNTIFS('HQ Fleet Attendance'!Q:Q,Summary!$G$2,'HQ Fleet Attendance'!E:E,Summary!$A15,'HQ Fleet Attendance'!N:N,Summary!E$6)>0,"Present","Absent") -> Present | F15: =IF(COUNTIFS('HQ Fleet Attendance'!Q:Q,Summary!$G$2,'HQ Fleet Attendance'!E:E,Summary!$A15,'HQ Fleet Attendance'!N:N,Summary!F$6)>0,"Present","Absent") -> Absent | G15: =IF(COUNTIFS('HQ Fleet Attendance'!Q:Q,Summary!$G$2,'HQ Fleet Attendance'!E:E,Summary!$A15,'HQ Fleet Attendance'!N:N,Summary!G$6)>0,"Present","Absent") -> Absent | H15: =IF(COUNTIFS('HQ Fleet Attendance'!Q:Q,Summary!$G$2,'HQ Fleet Attendance'!E:E,Summary!$A15,'HQ Fleet Attendance'!N:N,Summary!H$6)>0,"Present","Absent") -> Absent | I15: =IF(COUNTIFS('HQ Fleet Attendance'!Q:Q,Summary!$G$2,'HQ Fleet Attendance'!E:E,Summary!$A15,'HQ Fleet Attendance'!N:N,Summary!I$6)>0,"Present","Absent") -> Absent | J15: =IF(COUNTIF(D15:I15,"Present")=1,10%,IF(COUNTIF(D15:I15,"Present")=2,20%,IF(COUNTIF(D15:I15,"Present")=3,40%,IF(COUNTIF(D15:I15,"Present")=4,60%,IF(COUNTIF(D15:I15,"Present")=5,80%,IF(COUNTIF(D15:I15,"Present")=6,100%,0%)))))) -> 0.2 | K15: =COUNTIFS('HQ Fleet Attendance'!O:O,Summary!$F$2,'HQ Fleet Attendance'!E:E,Summary!A15) -> 15 | L15: =RANK(K15,K15:K27) -> 3 | N15: =A15 -> michael_omotosho | O15: =IF(COUNTIFS('HQ Fleet Attendance'!$Q:$Q,Summary!$G$2-1,'HQ Fleet Attendance'!$E:$E,Summary!$A15,'HQ Fleet Attendance'!$N:$N,Summary!O$6)>0,"Present","Absent") -> Present | P15: =IF(COUNTIFS('HQ Fleet Attendance'!$Q:$Q,Summary!$G$2-1,'HQ Fleet Attendance'!$E:$E,Summary!$A15,'HQ Fleet Attendance'!$N:$N,Summary!P$6)>0,"Present","Absent") -> Present | Q15: =IF(COUNTIFS('HQ Fleet Attendance'!$Q:$Q,Summary!$G$2-1,'HQ Fleet Attendance'!$E:$E,Summary!$A15,'HQ Fleet Attendance'!$N:$N,Summary!Q$6)>0,"Present","Absent") -> Present | R15: =IF(COUNTIFS('HQ Fleet Attendance'!$Q:$Q,Summary!$G$2-1,'HQ Fleet Attendance'!$E:$E,Summary!$A15,'HQ Fleet Attendance'!$N:$N,Summary!R$6)>0,"Present","Absent") -> Present | S15: =IF(COUNTIFS('HQ Fleet Attendance'!$Q:$Q,Summary!$G$2-1,'HQ Fleet Attendance'!$E:$E,Summary!$A15,'HQ Fleet Attendance'!$N:$N,Summary!S$6)>0,"Present","Absent") -> Present | T15: =IF(COUNTIFS('HQ Fleet Attendance'!$Q:$Q,Summary!$G$2-1,'HQ Fleet Attendance'!$E:$E,Summary!$A15,'HQ Fleet Attendance'!$N:$N,Summary!T$6)>0,"Present","Absent") -> Absent | U15: =IF(COUNTIF(O15:T15,"Present")=1,10%,IF(COUNTIF(O15:T15,"Present")=2,20%,IF(COUNTIF(O15:T15,"Present")=3,40%,IF(COUNTIF(O15:T15,"Present")=4,60%,IF(COUNTIF(O15:T15,"Present")=5,80%,IF(COUNTIF(O15:T15,"Present")=6,100%,0%)))))) -> 0.8 | V15: =COUNTIF(O15:T15,"Present") -> 5 | W15: =RANK(V15,V15:V27) -> 4 | Y15: =N15 -> michael_omotosho | Z15: =IF(COUNTIFS('HQ Fleet Attendance'!$O:$O,Summary!$F$2-1,'HQ Fleet Attendance'!$E:$E,Summary!$Y15,'HQ Fleet Attendance'!$N:$N,Summary!Z$6)>0,"Present","Absent") -> Present | AA15: =IF(COUNTIFS('HQ Fleet Attendance'!$O:$O,Summary!$F$2-1,'HQ Fleet Attendance'!$E:$E,Summary!$Y15,'HQ Fleet Attendance'!$N:$N,Summary!AA$6)>0,"Present","Absent") -> Present | AB15: =IF(COUNTIFS('HQ Fleet Attendance'!$O:$O,Summary!$F$2-1,'HQ Fleet Attendance'!$E:$E,Summary!$Y15,'HQ Fleet Attendance'!$N:$N,Summary!AB$6)>0,"Present","Absent") -> Present | AC15: =IF(COUNTIFS('HQ Fleet Attendance'!$O:$O,Summary!$F$2-1,'HQ Fleet Attendance'!$E:$E,Summary!$Y15,'HQ Fleet Attendance'!$N:$N,Summary!AC$6)>0,"Present","Absent") -> Present | AD15: =IF(COUNTIFS('HQ Fleet Attendance'!$O:$O,Summary!$F$2-1,'HQ Fleet Attendance'!$E:$E,Summary!$Y15,'HQ Fleet Attendance'!$N:$N,Summary!AD$6)>0,"Present","Absent") -> Present | AE15: =IF(COUNTIFS('HQ Fleet Attendance'!$O:$O,Summary!$F$2-1,'HQ Fleet Attendance'!$E:$E,Summary!$Y15,'HQ Fleet Attendance'!$N:$N,Summary!AE$6)>0,"Present","Absent") -> Absent | AF15: =IF(COUNTIF(Z15:AE15,"Present")=1,10%,IF(COUNTIF(Z15:AE15,"Present")=2,20%,IF(COUNTIF(Z15:AE15,"Present")=3,40%,IF(COUNTIF(Z15:AE15,"Present")=4,60%,IF(COUNTIF(Z15:AE15,"Present")=5,80%,IF(COUNTIF(Z15:AE15,"Present")=6,100%,0%)))))) -> 0.8 | AG15: =COUNTIFS('HQ Fleet Attendance'!$O:$O,Summary!$F$2-1,'HQ Fleet Attendance'!$E:$E,Summary!$Y15) -> 21 | AH15: =RANK(AG15,AG15:AG27) -> 4
A16: ogunlade_samuel_tope | B16: =_xlfn.MAXIFS(HQ_Fleet_Attendance[data-end_time],HQ_Fleet_Attendance[data-section1-staff],Summary!A16) -> 44859.409 | C16: =_xlfn.MAXIFS('HQ Fleet Attendance'!P:P,'HQ Fleet Attendance'!E:E,Summary!A16) -> 44859 | D16: =IF(COUNTIFS('HQ Fleet Attendance'!Q:Q,Summary!$G$2,'HQ Fleet Attendance'!E:E,Summary!$A16,'HQ Fleet Attendance'!N:N,Summary!D$6)>0,"Present","Absent") -> Present | E16: =IF(COUNTIFS('HQ Fleet Attendance'!Q:Q,Summary!$G$2,'HQ Fleet Attendance'!E:E,Summary!$A16,'HQ Fleet Attendance'!N:N,Summary!E$6)>0,"Present","Absent") -> Present | F16: =IF(COUNTIFS('HQ Fleet Attendance'!Q:Q,Summary!$G$2,'HQ Fleet Attendance'!E:E,Summary!$A16,'HQ Fleet Attendance'!N:N,Summary!F$6)>0,"Present","Absent") -> Absent | G16: =IF(COUNTIFS('HQ Fleet Attendance'!Q:Q,Summary!$G$2,'HQ Fleet Attendance'!E:E,Summary!$A16,'HQ Fleet Attendance'!N:N,Summary!G$6)>0,"Present","Absent") -> Absent | H16: =IF(COUNTIFS('HQ Fleet Attendance'!Q:Q,Summary!$G$2,'HQ Fleet Attendance'!E:E,Summary!$A16,'HQ Fleet Attendance'!N:N,Summary!H$6)>0,"Present","Absent") -> Absent | I16: =IF(COUNTIFS('HQ Fleet Attendance'!Q:Q,Summary!$G$2,'HQ Fleet Attendance'!E:E,Summary!$A16,'HQ Fleet Attendance'!N:N,Summary!I$6)>0,"Present","Absent") -> Absent | J16: =IF(COUNTIF(D16:I16,"Present")=1,10%,IF(COUNTIF(D16:I16,"Present")=2,20%,IF(COUNTIF(D16:I16,"Present")=3,40%,IF(COUNTIF(D16:I16,"Present")=4,60%,IF(COUNTIF(D16:I16,"Present")=5,80%,IF(COUNTIF(D16:I16,"Present")=6,100%,0%)))))) -> 0.2 | K16: =COUNTIFS('HQ Fleet Attendance'!O:O,Summary!$F$2,'HQ Fleet Attendance'!E:E,Summary!A16) -> 14 | L16: =RANK(K16,K16:K28) -> 3 | N16: =A16 -> ogunlade_samuel_tope | O16: =IF(COUNTIFS('HQ Fleet Attendance'!$Q:$Q,Summary!$G$2-1,'HQ Fleet Attendance'!$E:$E,Summary!$A16,'HQ Fleet Attendance'!$N:$N,Summary!O$6)>0,"Present","Absent") -> Present | P16: =IF(COUNTIFS('HQ Fleet Attendance'!$Q:$Q,Summary!$G$2-1,'HQ Fleet Attendance'!$E:$E,Summary!$A16,'HQ Fleet Attendance'!$N:$N,Summary!P$6)>0,"Present","Absent") -> Present | Q16: =IF(COUNTIFS('HQ Fleet Attendance'!$Q:$Q,Summary!$G$2-1,'HQ Fleet Attendance'!$E:$E,Summary!$A16,'HQ Fleet Attendance'!$N:$N,Summary!Q$6)>0,"Present","Absent") -> Present | R16: =IF(COUNTIFS('HQ Fleet Attendance'!$Q:$Q,Summary!$G$2-1,'HQ Fleet Attendance'!$E:$E,Summary!$A16,'HQ Fleet Attendance'!$N:$N,Summary!R$6)>0,"Present","Absent") -> Present | S16: =IF(COUNTIFS('HQ Fleet Attendance'!$Q:$Q,Summary!$G$2-1,'HQ Fleet Attendance'!$E:$E,Summary!$A16,'HQ Fleet Attendance'!$N:$N,Summary!S$6)>0,"Present","Absent") -> Present | T16: =IF(COUNTIFS('HQ Fleet Attendance'!$Q:$Q,Summary!$G$2-1,'HQ Fleet Attendance'!$E:$E,Summary!$A16,'HQ Fleet Attendance'!$N:$N,Summary!T$6)>0,"Present","Absent") -> Present | U16: =IF(COUNTIF(O16:T16,"Present")=1,10%,IF(COUNTIF(O16:T16,"Present")=2,20%,IF(COUNTIF(O16:T16,"Present")=3,40%,IF(COUNTIF(O16:T16,"Present")=4,60%,IF(COUNTIF(O16:T16,"Present")=5,80%,IF(COUNTIF(O16:T16,"Present")=6,100%,0%)))))) -> 1 | V16: =COUNTIF(O16:T16,"Present") -> 6 | W16: =RANK(V16,V16:V28) -> 1 | Y16: =N16 -> ogunlade_samuel_tope | Z16: =IF(COUNTIFS('HQ Fleet Attendance'!$O:$O,Summary!$F$2-1,'HQ Fleet Attendance'!$E:$E,Summary!$Y16,'HQ Fleet Attendance'!$N:$N,Summary!Z$6)>0,"Present","Absent") -> Present | AA16: =IF(COUNTIFS('HQ Fleet Attendance'!$O:$O,Summary!$F$2-1,'HQ Fleet Attendance'!$E:$E,Summary!$Y16,'HQ Fleet Attendance'!$N:$N,Summary!AA$6)>0,"Present","Absent") -> Present | AB16: =IF(COUNTIFS('HQ Fleet Attendance'!$O:$O,Summary!$F$2-1,'HQ Fleet Attendance'!$E:$E,Summary!$Y16,'HQ Fleet Attendance'!$N:$N,Summary!AB$6)>0,"Present","Absent") -> Present | AC16: =IF(COUNTIFS('HQ Fleet Attendance'!$O:$O,Summary!$F$2-1,'HQ Fleet Attendance'!$E:$E,Summary!$Y16,'HQ Fleet Attendance'!$N:$N,Summary!AC$6)>0,"Present","Absent") -> Present | AD16: =IF(COUNTIFS('HQ Fleet Attendance'!$O:$O,Summary!$F$2-1,'HQ Fleet Attendance'!$E:$E,Summary!$Y16,'HQ Fleet Attendance'!$N:$N,Summary!AD$6)>0,"Present","Absent") -> Present | AE16: =IF(COUNTIFS('HQ Fleet Attendance'!$O:$O,Summary!$F$2-1,'HQ Fleet Attendance'!$E:$E,Summary!$Y16,'HQ Fleet Attendance'!$N:$N,Summary!AE$6)>0,"Present","Absent") -> Present | AF16: =IF(COUNTIF(Z16:AE16,"Present")=1,10%,IF(COUNTIF(Z16:AE16,"Present")=2,20%,IF(COUNTIF(Z16:AE16,"Present")=3,40%,IF(COUNTIF(Z16:AE16,"Present")=4,60%,IF(COUNTIF(Z16:AE16,"Present")=5,80%,IF(COUNTIF(Z16:AE16,"Present")=6,100%,0%)))))) -> 1 | AG16: =COUNTIFS('HQ Fleet Attendance'!$O:$O,Summary!$F$2-1,'HQ Fleet Attendance'!$E:$E,Summary!$Y16) -> 25 | AH16: =RANK(AG16,AG16:AG28) -> 1
A17: oluwaseun_corper | B17: =_xlfn.MAXIFS(HQ_Fleet_Attendance[data-end_time],HQ_Fleet_Attendance[data-section1-staff],Summary!A17) -> 44859.409 | C17: =_xlfn.MAXIFS('HQ Fleet Attendance'!P:P,'HQ Fleet Attendance'!E:E,Summary!A17) -> 44859 | D17: =IF(COUNTIFS('HQ Fleet Attendance'!Q:Q,Summary!$G$2,'HQ Fleet Attendance'!E:E,Summary!$A17,'HQ Fleet Attendance'!N:N,Summary!D$6)>0,"Present","Absent") -> Present | E17: =IF(COUNTIFS('HQ Fleet Attendance'!Q:Q,Summary!$G$2,'HQ Fleet Attendance'!E:E,Summary!$A17,'HQ Fleet Attendance'!N:N,Summary!E$6)>0,"Present","Absent") -> Present | F17: =IF(COUNTIFS('HQ Fleet Attendance'!Q:Q,Summary!$G$2,'HQ Fleet Attendance'!E:E,Summary!$A17,'HQ Fleet Attendance'!N:N,Summary!F$6)>0,"Present","Absent") -> Absent | G17: =IF(COUNTIFS('HQ Fleet Attendance'!Q:Q,Summary!$G$2,'HQ Fleet Attendance'!E:E,Summary!$A17,'HQ Fleet Attendance'!N:N,Summary!G$6)>0,"Present","Absent") -> Absent | H17: =IF(COUNTIFS('HQ Fleet Attendance'!Q:Q,Summary!$G$2,'HQ Fleet Attendance'!E:E,Summary!$A17,'HQ Fleet Attendance'!N:N,Summary!H$6)>0,"Present","Absent") -> Absent | I17: =IF(COUNTIFS('HQ Fleet Attendance'!Q:Q,Summary!$G$2,'HQ Fleet Attendance'!E:E,Summary!$A17,'HQ Fleet Attendance'!N:N,Summary!I$6)>0,"Present","Absent") -> Absent | J17: =IF(COUNTIF(D17:I17,"Present")=1,10%,IF(COUNTIF(D17:I17,"Present")=2,20%,IF(COUNTIF(D17:I17,"Present")=3,40%,IF(COUNTIF(D17:I17,"Present")=4,60%,IF(COUNTIF(D17:I17,"Present")=5,80%,IF(COUNTIF(D17:I17,"Present")=6,100%,0%)))))) -> 0.2 | K17: =COUNTIFS('HQ Fleet Attendance'!O:O,Summary!$F$2,'HQ Fleet Attendance'!E:E,Summary!A17) -> 11 | L17: =RANK(K17,K17:K29) -> 3 | N17: =A17 -> oluwaseun_corper | O17: =IF(COUNTIFS('HQ Fleet Attendance'!$Q:$Q,Summary!$G$2-1,'HQ Fleet Attendance'!$E:$E,Summary!$A17,'HQ Fleet Attendance'!$N:$N,Summary!O$6)>0,"Present","Absent") -> Present | P17: =IF(COUNTIFS('HQ Fleet Attendance'!$Q:$Q,Summary!$G$2-1,'HQ Fleet Attendance'!$E:$E,Summary!$A17,'HQ Fleet Attendance'!$N:$N,Summary!P$6)>0,"Present","Absent") -> Present | Q17: =IF(COUNTIFS('HQ Fleet Attendance'!$Q:$Q,Summary!$G$2-1,'HQ Fleet Attendance'!$E:$E,Summary!$A17,'HQ Fleet Attendance'!$N:$N,Summary!Q$6)>0,"Present","Absent") -> Absent | R17: =IF(COUNTIFS('HQ Fleet Attendance'!$Q:$Q,Summary!$G$2-1,'HQ Fleet Attendance'!$E:$E,Summary!$A17,'HQ Fleet Attendance'!$N:$N,Summary!R$6)>0,"Present","Absent") -> Present | S17: =IF(COUNTIFS('HQ Fleet Attendance'!$Q:$Q,Summary!$G$2-1,'HQ Fleet Attendance'!$E:$E,Summary!$A17,'HQ Fleet Attendance'!$N:$N,Summary!S$6)>0,"Present","Absent") -> Present | T17: =IF(COUNTIFS('HQ Fleet Attendance'!$Q:$Q,Summary!$G$2-1,'HQ Fleet Attendance'!$E:$E,Summary!$A17,'HQ Fleet Attendance'!$N:$N,Summary!T$6)>0,"Present","Absent") -> Absent | U17: =IF(COUNTIF(O17:T17,"Present")=1,10%,IF(COUNTIF(O17:T17,"Present")=2,20%,IF(COUNTIF(O17:T17,"Present")=3,40%,IF(COUNTIF(O17:T17,"Present")=4,60%,IF(COUNTIF(O17:T17,"Present")=5,80%,IF(COUNTIF(O17:T17,"Present")=6,100%,0%)))))) -> 0.6 | V17: =COUNTIF(O17:T17,"Present") -> 4 | W17: =RANK(V17,V17:V29) -> 3 | Y17: =N17 -> oluwaseun_corper | Z17: =IF(COUNTIFS('HQ Fleet Attendance'!$O:$O,Summary!$F$2-1,'HQ Fleet Attendance'!$E:$E,Summary!$Y17,'HQ Fleet Attendance'!$N:$N,Summary!Z$6)>0,"Present","Absent") -> Present | AA17: =IF(COUNTIFS('HQ Fleet Attendance'!$O:$O,Summary!$F$2-1,'HQ Fleet Attendance'!$E:$E,Summary!$Y17,'HQ Fleet Attendance'!$N:$N,Summary!AA$6)>0,"Present","Absent") -> Present | AB17: =IF(COUNTIFS('HQ Fleet Attendance'!$O:$O,Summary!$F$2-1,'HQ Fleet Attendance'!$E:$E,Summary!$Y17,'HQ Fleet Attendance'!$N:$N,Summary!AB$6)>0,"Present","Absent") -> Absent | AC17: =IF(COUNTIFS('HQ Fleet Attendance'!$O:$O,Summary!$F$2-1,'HQ Fleet Attendance'!$E:$E,Summary!$Y17,'HQ Fleet Attendance'!$N:$N,Summary!AC$6)>0,"Present","Absent") -> Present | AD17: =IF(COUNTIFS('HQ Fleet Attendance'!$O:$O,Summary!$F$2-1,'HQ Fleet Attendance'!$E:$E,Summary!$Y17,'HQ Fleet Attendance'!$N:$N,Summary!AD$6)>0,"Present","Absent") -> Present | AE17: =IF(COUNTIFS('HQ Fleet Attendance'!$O:$O,Summary!$F$2-1,'HQ Fleet Attendance'!$E:$E,Summary!$Y17,'HQ Fleet Attendance'!$N:$N,Summary!AE$6)>0,"Present","Absent") -> Absent | AF17: =IF(COUNTIF(Z17:AE17,"Present")=1,10%,IF(COUNTIF(Z17:AE17,"Present")=2,20%,IF(COUNTIF(Z17:AE17,"Present")=3,40%,IF(COUNTIF(Z17:AE17,"Present")=4,60%,IF(COUNTIF(Z17:AE17,"Present")=5,80%,IF(COUNTIF(Z17:AE17,"Present")=6,100%,0%)))))) -> 0.6 | AG17: =COUNTIFS('HQ Fleet Attendance'!$O:$O,Summary!$F$2-1,'HQ Fleet Attendance'!$E:$E,Summary!$Y17) -> 14 | AH17: =RANK(AG17,AG17:AG29) -> 3
A18: paul_oyelaran | B18: =_xlfn.MAXIFS(HQ_Fleet_Attendance[data-end_time],HQ_Fleet_Attendance[data-section1-staff],Summary!A18) -> 44859.408 | C18: =_xlfn.MAXIFS('HQ Fleet Attendance'!P:P,'HQ Fleet Attendance'!E:E,Summary!A18) -> 44859 | D18: =IF(COUNTIFS('HQ Fleet Attendance'!Q:Q,Summary!$G$2,'HQ Fleet Attendance'!E:E,Summary!$A18,'HQ Fleet Attendance'!N:N,Summary!D$6)>0,"Present","Absent") -> Present | E18: =IF(COUNTIFS('HQ Fleet Attendance'!Q:Q,Summary!$G$2,'HQ Fleet Attendance'!E:E,Summary!$A18,'HQ Fleet Attendance'!N:N,Summary!E$6)>0,"Present","Absent") -> Present | F18: =IF(COUNTIFS('HQ Fleet Attendance'!Q:Q,Summary!$G$2,'HQ Fleet Attendance'!E:E,Summary!$A18,'HQ Fleet Attendance'!N:N,Summary!F$6)>0,"Present","Absent") -> Absent | G18: =IF(COUNTIFS('HQ Fleet Attendance'!Q:Q,Summary!$G$2,'HQ Fleet Attendance'!E:E,Summary!$A18,'HQ Fleet Attendance'!N:N,Summary!G$6)>0,"Present","Absent") -> Absent | H18: =IF(COUNTIFS('HQ Fleet Attendance'!Q:Q,Summary!$G$2,'HQ Fleet Attendance'!E:E,Summary!$A18,'HQ Fleet Attendance'!N:N,Summary!H$6)>0,"Present","Absent") -> Absent | I18: =IF(COUNTIFS('HQ Fleet Attendance'!Q:Q,Summary!$G$2,'HQ Fleet Attendance'!E:E,Summary!$A18,'HQ Fleet Attendance'!N:N,Summary!I$6)>0,"Present","Absent") -> Absent | J18: =IF(COUNTIF(D18:I18,"Present")=1,10%,IF(COUNTIF(D18:I18,"Present")=2,20%,IF(COUNTIF(D18:I18,"Present")=3,40%,IF(COUNTIF(D18:I18,"Present")=4,60%,IF(COUNTIF(D18:I18,"Present")=5,80%,IF(COUNTIF(D18:I18,"Present")=6,100%,0%)))))) -> 0.2 | K18: =COUNTIFS('HQ Fleet Attendance'!O:O,Summary!$F$2,'HQ Fleet Attendance'!E:E,Summary!A18) -> 19 | L18: =RANK(K18,K18:K30) -> 1 | N18: =A18 -> paul_oyelaran | O18: =IF(COUNTIFS('HQ Fleet Attendance'!$Q:$Q,Summary!$G$2-1,'HQ Fleet Attendance'!$E:$E,Summary!$A18,'HQ Fleet Attendance'!$N:$N,Summary!O$6)>0,"Present","Absent") -> Present | P18: =IF(COUNTIFS('HQ Fleet Attendance'!$Q:$Q,Summary!$G$2-1,'HQ Fleet Attendance'!$E:$E,Summary!$A18,'HQ Fleet Attendance'!$N:$N,Summary!P$6)>0,"Present","Absent") -> Present | Q18: =IF(COUNTIFS('HQ Fleet Attendance'!$Q:$Q,Summary!$G$2-1,'HQ Fleet Attendance'!$E:$E,Summary!$A18,'HQ Fleet Attendance'!$N:$N,Summary!Q$6)>0,"Present","Absent") -> Present | R18: =IF(COUNTIFS('HQ Fleet Attendance'!$Q:$Q,Summary!$G$2-1,'HQ Fleet Attendance'!$E:$E,Summary!$A18,'HQ Fleet Attendance'!$N:$N,Summary!R$6)>0,"Present","Absent") -> Present | S18: =IF(COUNTIFS('HQ Fleet Attendance'!$Q:$Q,Summary!$G$2-1,'HQ Fleet Attendance'!$E:$E,Summary!$A18,'HQ Fleet Attendance'!$N:$N,Summary!S$6)>0,"Present","Absent") -> Present | T18: =IF(COUNTIFS('HQ Fleet Attendance'!$Q:$Q,Summary!$G$2-1,'HQ Fleet Attendance'!$E:$E,Summary!$A18,'HQ Fleet Attendance'!$N:$N,Summary!T$6)>0,"Present","Absent") -> Present | U18: =IF(COUNTIF(O18:T18,"Present")=1,10%,IF(COUNTIF(O18:T18,"Present")=2,20%,IF(COUNTIF(O18:T18,"Present")=3,40%,IF(COUNTIF(O18:T18,"Present")=4,60%,IF(COUNTIF(O18:T18,"Present")=5,80%,IF(COUNTIF(O18:T18,"Present")=6,100%,0%)))))) -> 1 | V18: =COUNTIF(O18:T18,"Present") -> 6 | W18: =RANK(V18,V18:V30) -> 1 | Y18: =N18 -> paul_oyelaran | Z18: =IF(COUNTIFS('HQ Fleet Attendance'!$O:$O,Summary!$F$2-1,'HQ Fleet Attendance'!$E:$E,Summary!$Y18,'HQ Fleet Attendance'!$N:$N,Summary!Z$6)>0,"Present","Absent") -> Present | AA18: =IF(COUNTIFS('HQ Fleet Attendance'!$O:$O,Summary!$F$2-1,'HQ Fleet Attendance'!$E:$E,Summary!$Y18,'HQ Fleet Attendance'!$N:$N,Summary!AA$6)>0,"Present","Absent") -> Present | AB18: =IF(COUNTIFS('HQ Fleet Attendance'!$O:$O,Summary!$F$2-1,'HQ Fleet Attendance'!$E:$E,Summary!$Y18,'HQ Fleet Attendance'!$N:$N,Summary!AB$6)>0,"Present","Absent") -> Present | AC18: =IF(COUNTIFS('HQ Fleet Attendance'!$O:$O,Summary!$F$2-1,'HQ Fleet Attendance'!$E:$E,Summary!$Y18,'HQ Fleet Attendance'!$N:$N,Summary!AC$6)>0,"Present","Absent") -> Present | AD18: =IF(COUNTIFS('HQ Fleet Attendance'!$O:$O,Summary!$F$2-1,'HQ Fleet Attendance'!$E:$E,Summary!$Y18,'HQ Fleet Attendance'!$N:$N,Summary!AD$6)>0,"Present","Absent") -> Present | AE18: =IF(COUNTIFS('HQ Fleet Attendance'!$O:$O,Summary!$F$2-1,'HQ Fleet Attendance'!$E:$E,Summary!$Y18,'HQ Fleet Attendance'!$N:$N,Summary!AE$6)>0,"Present","Absent") -> Present | AF18: =IF(COUNTIF(Z18:AE18,"Present")=1,10%,IF(COUNTIF(Z18:AE18,"Present")=2,20%,IF(COUNTIF(Z18:AE18,"Present")=3,40%,IF(COUNTIF(Z18:AE18,"Present")=4,60%,IF(COUNTIF(Z18:AE18,"Present")=5,80%,IF(COUNTIF(Z18:AE18,"Present")=6,100%,0%)))))) -> 1 | AG18: =COUNTIFS('HQ Fleet Attendance'!$O:$O,Summary!$F$2-1,'HQ Fleet Attendance'!$E:$E,Summary!$Y18) -> 24 | AH18: =RANK(AG18,AG18:AG30) -> 1
A19: titilayo_esther | B19: =_xlfn.MAXIFS(HQ_Fleet_Attendance[data-end_time],HQ_Fleet_Attendance[data-section1-staff],Summary!A19) -> 44859.408 | C19: =_xlfn.MAXIFS('HQ Fleet Attendance'!P:P,'HQ Fleet Attendance'!E:E,Summary!A19) -> 44859 | D19: =IF(COUNTIFS('HQ Fleet Attendance'!Q:Q,Summary!$G$2,'HQ Fleet Attendance'!E:E,Summary!$A19,'HQ Fleet Attendance'!N:N,Summary!D$6)>0,"Present","Absent") -> Present | E19: =IF(COUNTIFS('HQ Fleet Attendance'!Q:Q,Summary!$G$2,'HQ Fleet Attendance'!E:E,Summary!$A19,'HQ Fleet Attendance'!N:N,Summary!E$6)>0,"Present","Absent") -> Present | F19: =IF(COUNTIFS('HQ Fleet Attendance'!Q:Q,Summary!$G$2,'HQ Fleet Attendance'!E:E,Summary!$A19,'HQ Fleet Attendance'!N:N,Summary!F$6)>0,"Present","Absent") -> Absent | G19: =IF(COUNTIFS('HQ Fleet Attendance'!Q:Q,Summary!$G$2,'HQ Fleet Attendance'!E:E,Summary!$A19,'HQ Fleet Attendance'!N:N,Summary!G$6)>0,"Present","Absent") -> Absent | H19: =IF(COUNTIFS('HQ Fleet Attendance'!Q:Q,Summary!$G$2,'HQ Fleet Attendance'!E:E,Summary!$A19,'HQ Fleet Attendance'!N:N,Summary!H$6)>0,"Present","Absent") -> Absent | I19: =IF(COUNTIFS('HQ Fleet Attendance'!Q:Q,Summary!$G$2,'HQ Fleet Attendance'!E:E,Summary!$A19,'HQ Fleet Attendance'!N:N,Summary!I$6)>0,"Present","Absent") -> Absent | J19: =IF(COUNTIF(D19:I19,"Present")=1,10%,IF(COUNTIF(D19:I19,"Present")=2,20%,IF(COUNTIF(D19:I19,"Present")=3,40%,IF(COUNTIF(D19:I19,"Present")=4,60%,IF(COUNTIF(D19:I19,"Present")=5,80%,IF(COUNTIF(D19:I19,"Present")=6,100%,0%)))))) -> 0.2 | K19: =COUNTIFS('HQ Fleet Attendance'!O:O,Summary!$F$2,'HQ Fleet Attendance'!E:E,Summary!A19) -> 19 | L19: =RANK(K19,K19:K31) -> 1 | N19: =A19 -> titilayo_esther | O19: =IF(COUNTIFS('HQ Fleet Attendance'!$Q:$Q,Summary!$G$2-1,'HQ Fleet Attendance'!$E:$E,Summary!$A19,'HQ Fleet Attendance'!$N:$N,Summary!O$6)>0,"Present","Absent") -> Present | P19: =IF(COUNTIFS('HQ Fleet Attendance'!$Q:$Q,Summary!$G$2-1,'HQ Fleet Attendance'!$E:$E,Summary!$A19,'HQ Fleet Attendance'!$N:$N,Summary!P$6)>0,"Present","Absent") -> Present | Q19: =IF(COUNTIFS('HQ Fleet Attendance'!$Q:$Q,Summary!$G$2-1,'HQ Fleet Attendance'!$E:$E,Summary!$A19,'HQ Fleet Attendance'!$N:$N,Summary!Q$6)>0,"Present","Absent") -> Present | R19: =IF(COUNTIFS('HQ Fleet Attendance'!$Q:$Q,Summary!$G$2-1,'HQ Fleet Attendance'!$E:$E,Summary!$A19,'HQ Fleet Attendance'!$N:$N,Summary!R$6)>0,"Present","Absent") -> Present | S19: =IF(COUNTIFS('HQ Fleet Attendance'!$Q:$Q,Summary!$G$2-1,'HQ Fleet Attendance'!$E:$E,Summary!$A19,'HQ Fleet Attendance'!$N:$N,Summary!S$6)>0,"Present","Absent") -> Present | T19: =IF(COUNTIFS('HQ Fleet Attendance'!$Q:$Q,Summary!$G$2-1,'HQ Fleet Attendance'!$E:$E,Summary!$A19,'HQ Fleet Attendance'!$N:$N,Summary!T$6)>0,"Present","Absent") -> Present | U19: =IF(COUNTIF(O19:T19,"Present")=1,10%,IF(COUNTIF(O19:T19,"Present")=2,20%,IF(COUNTIF(O19:T19,"Present")=3,40%,IF(COUNTIF(O19:T19,"Present")=4,60%,IF(COUNTIF(O19:T19,"Present")=5,80%,IF(COUNTIF(O19:T19,"Present")=6,100%,0%)))))) -> 1 | V19: =COUNTIF(O19:T19,"Present") -> 6 | W19: =RANK(V19,V19:V31) -> 1 | Y19: =N19 -> titilayo_esther | Z19: =IF(COUNTIFS('HQ Fleet Attendance'!$O:$O,Summary!$F$2-1,'HQ Fleet Attendance'!$E:$E,Summary!$Y19,'HQ Fleet Attendance'!$N:$N,Summary!Z$6)>0,"Present","Absent") -> Present | AA19: =IF(COUNTIFS('HQ Fleet Attendance'!$O:$O,Summary!$F$2-1,'HQ Fleet Attendance'!$E:$E,Summary!$Y19,'HQ Fleet Attendance'!$N:$N,Summary!AA$6)>0,"Present","Absent") -> Present | AB19: =IF(COUNTIFS('HQ Fleet Attendance'!$O:$O,Summary!$F$2-1,'HQ Fleet Attendance'!$E:$E,Summary!$Y19,'HQ Fleet Attendance'!$N:$N,Summary!AB$6)>0,"Present","Absent") -> Present | AC19: =IF(COUNTIFS('HQ Fleet Attendance'!$O:$O,Summary!$F$2-1,'HQ Fleet Attendance'!$E:$E,Summary!$Y19,'HQ Fleet Attendance'!$N:$N,Summary!AC$6)>0,"Present","Absent") -> Present | AD19: =IF(COUNTIFS('HQ Fleet Attendance'!$O:$O,Summary!$F$2-1,'HQ Fleet Attendance'!$E:$E,Summary!$Y19,'HQ Fleet Attendance'!$N:$N,Summary!AD$6)>0,"Present","Absent") -> Present | AE19: =IF(COUNTIFS('HQ Fleet Attendance'!$O:$O,Summary!$F$2-1,'HQ Fleet Attendance'!$E:$E,Summary!$Y19,'HQ Fleet Attendance'!$N:$N,Summary!AE$6)>0,"Present","Absent") -> Present | AF19: =IF(COUNTIF(Z19:AE19,"Present")=1,10%,IF(COUNTIF(Z19:AE19,"Present")=2,20%,IF(COUNTIF(Z19:AE19,"Present")=3,40%,IF(COUNTIF(Z19:AE19,"Present")=4,60%,IF(COUNTIF(Z19:AE19,"Present")=5,80%,IF(COUNTIF(Z19:AE19,"Present")=6,100%,0%)))))) -> 1 | AG19: =COUNTIFS('HQ Fleet Attendance'!$O:$O,Summary!$F$2-1,'HQ Fleet Attendance'!$E:$E,Summary!$Y19) -> 24 | AH19: =RANK(AG19,AG19:AG31) -> 1

Sheet Summary - Sorted
A1: =Summary!A$1 -> START DATE | B1: =Summary!B$1 -> 44741 | C1: =Summary!C$1 -> 15:03:00 | D1: =Summary!D$1 -> Week Name | E1: =Summary!E$1 -> Month Name | F1: =Summary!F$1 -> Month Number | G1: =Summary!G$1 -> Week of the Year
A2: =Summary!A$2 -> END DATE | B2: =Summary!B$2 -> 44859 | C2: =Summary!C$2 -> 10:47:24 am | D2: =Summary!D$2 -> Tuesday | E2: =Summary!E$2 -> October | F2: =Summary!F$2 -> 10 | G2: =Summary!G$2 -> 43
A3: =Summary!A5 -> CURRENT WEEK ANALYSIS OF OCTOBER | N3: ="PREVIOUS WEEK ANALYSIS OF "&UPPER($E$2) -> PREVIOUS WEEK ANALYSIS OF OCTOBER | Y3: =Summary!Y5 -> PREVIOUS MONTH ANALYSIS OF SEPTEMBER
A4: =Summary!A$6 -> Staff Name | B4: =Summary!B$6 -> Timestamp | C4: =Summary!C$6 -> Date | D4: =Summary!D$6 -> Monday | E4: =Summary!E$6 -> Tuesday | F4: =Summary!F$6 -> Wednesday | G4: =Summary!G$6 -> Thursday | H4: =Summary!H$6 -> Friday | ... L4: =Summary!L$6 -> Attendance Staff Ranking | N4: =Summary!N$6 -> Staff Name | O4: =Summary!O$6 -> Monday | P4: =Summary!P$6 -> Tuesday | Q4: =Summary!Q$6 -> Wednesday | R4: =Summary!R$6 -> Thursday | S4: =Summary!S$6 -> Friday | T4: =Summary!T$6 -> Saturday | U4: =Summary!U$6 -> 6 Working Days % Tracker | ... W4: =Summary!W$6 -> Attendance Staff Ranking | Y4: =Summary!Y$6 -> Staff Name | Z4: =Summary!Z$6 -> Monday | AA4: =Summary!AA$6 -> Tuesday | AB4: =Summary!AB$6 -> Wednesday | AC4: =Summary!AC$6 -> Thursday | AD4: =Summary!AD$6 -> Friday | AE4: =Summary!AE$6 -> Saturday | AF4: =Summary!AF$6 -> 6 Working Days % Tracker | ... AH4: =Summary!AH$6 -> Attendance Staff Ranking
A5: {=_xlfn._xlws.SORT(Summary!A7:L19,12)} -> ademola_akintayo | B5: 44859.408 | C5: 44859 | D5: Present | E5: Present | F5: Absent | G5: Absent | H5: Absent | I5: Absent | J5: 0.2 | K5: 19 | L5: 1 | N5: {=_xlfn._xlws.SORT(Summary!N7:W19,10)} -> ademola_akintayo | O5: Present | P5: Present | Q5: Present | R5: Present | S5: Present | T5: Present | U5: 1 | V5: 6 | W5: 1 | Y5: {=_xlfn._xlws.SORT(Summary!Y7:AH19,10)} -> david_jimba | Z5: Present | AA5: Present | AB5: Present | AC5: Present | AD5: Present | AE5: Present | AF5: 1 | AG5: 26 | AH5: 1
A6: ayo_bamidele | B6: 44859.408 | C6: 44859 | D6: Present | E6: Present | F6: Absent | G6: Absent | H6: Absent | I6: Absent | J6: 0.2 | K6: 19 | L6: 1 | N6: ayo_bamidele | O6: Present | P6: Present | Q6: Present | R6: Present | S6: Present | T6: Present | U6: 1 | V6: 6 | W6: 1 | Y6: joseph_akpan | Z6: Present | AA6: Present | AB6: Present | AC6: Present | AD6: Present | AE6: Present | AF6: 1 | AG6: 25 | AH6: 1
A7: david_jimba | B7: 44859.408 | C7: 44859 | D7: Present | E7: Present | F7: Absent | G7: Absent | H7: Absent | I7: Absent | J7: 0.2 | K7: 19 | L7: 1 | N7: chibuzo_nwankwo | O7: Present | P7: Present | Q7: Present | R7: Present | S7: Present | T7: Present | U7: 1 | V7: 6 | W7: 1 | Y7: ogunlade_samuel_tope | Z7: Present | AA7: Present | AB7: Present | AC7: Present | AD7: Present | AE7: Present | AF7: 1 | AG7: 25 | AH7: 1
A8: joseph_akpan | B8: 44859.408 | C8: 44859 | D8: Present | E8: Present | F8: Absent | G8: Absent | H8: Absent | I8: Absent | J8: 0.2 | K8: 19 | L8: 1 | N8: david_jimba | O8: Present | P8: Present | Q8: Present | R8: Present | S8: Present | T8: Present | U8: 1 | V8: 6 | W8: 1 | Y8: paul_oyelaran | Z8: Present | AA8: Present | AB8: Present | AC8: Present | AD8: Present | AE8: Present | AF8: 1 | AG8: 24 | AH8: 1
A9: kenedy_onaise | B9: 44859.408 | C9: 44859 | D9: Present | E9: Present | F9: Absent | G9: Absent | H9: Absent | I9: Absent | J9: 0.2 | K9: 19 | L9: 1 | N9: joseph_akpan | O9: Present | P9: Present | Q9: Present | R9: Present | S9: Present | T9: Present | U9: 1 | V9: 6 | W9: 1 | Y9: titilayo_esther | Z9: Present | AA9: Present | AB9: Present | AC9: Present | AD9: Present | AE9: Present | AF9: 1 | AG9: 24 | AH9: 1
A10: paul_oyelaran | B10: 44859.408 | C10: 44859 | D10: Present | E10: Present | F10: Absent | G10: Absent | H10: Absent | I10: Absent | J10: 0.2 | K10: 19 | L10: 1 | N10: kenedy_onaise | O10: Present | P10: Present | Q10: Present | R10: Present | S10: Present | T10: Present | U10: 1 | V10: 6 | W10: 1 | Y10: ademola_akintayo | Z10: Present | AA10: Present | AB10: Present | AC10: Present | AD10: Present | AE10: Present | AF10: 1 | AG10: 25 | AH10: 2
A11: titilayo_esther | B11: 44859.408 | C11: 44859 | D11: Present | E11: Present | F11: Absent | G11: Absent | H11: Absent | I11: Absent | J11: 0.2 | K11: 19 | L11: 1 | N11: ogunlade_samuel_tope | O11: Present | P11: Present | Q11: Present | R11: Present | S11: Present | T11: Present | U11: 1 | V11: 6 | W11: 1 | Y11: oluwaseun_corper | Z11: Present | AA11: Present | AB11: Absent | AC11: Present | AD11: Present | AE11: Absent | AF11: 0.6 | AG11: 14 | AH11: 3
A12: michael_omotosho | B12: 44859.409 | C12: 44859 | D12: Present | E12: Present | F12: Absent | G12: Absent | H12: Absent | I12: Absent | J12: 0.2 | K12: 15 | L12: 3 | N12: paul_oyelaran | O12: Present | P12: Present | Q12: Present | R12: Present | S12: Present | T12: Present | U12: 1 | V12: 6 | W12: 1 | Y12: chibuzo_nwankwo | Z12: Present | AA12: Present | AB12: Present | AC12: Present | AD12: Present | AE12: Present | AF12: 1 | AG12: 24 | AH12: 4
A13: ogunlade_samuel_tope | B13: 44859.409 | C13: 44859 | D13: Present | E13: Present | F13: Absent | G13: Absent | H13: Absent | I13: Absent | J13: 0.2 | K13: 14 | L13: 3 | N13: titilayo_esther | O13: Present | P13: Present | Q13: Present | R13: Present | S13: Present | T13: Present | U13: 1 | V13: 6 | W13: 1 | Y13: kenedy_onaise | Z13: Present | AA13: Present | AB13: Present | AC13: Present | AD13: Present | AE13: Present | AF13: 1 | AG13: 21 | AH13: 4
A14: oluwaseun_corper | B14: 44859.409 | C14: 44859 | D14: Present | E14: Present | F14: Absent | G14: Absent | H14: Absent | I14: Absent | J14: 0.2 | K14: 11 | L14: 3 | N14: oluwaseun_corper | O14: Present | P14: Present | Q14: Absent | R14: Present | S14: Present | T14: Absent | U14: 0.6 | V14: 4 | W14: 3 | Y14: michael_omotosho | Z14: Present | AA14: Present | AB14: Present | AC14: Present | AD14: Present | AE14: Absent | AF14: 0.8 | AG14: 21 | AH14: 4
A15: babatunde_afeez | B15: 44859.408 | C15: 44859 | D15: Present | E15: Present | F15: Absent | G15: Absent | H15: Absent | I15: Absent | J15: 0.2 | K15: 16 | L15: 6 | N15: michael_omotosho | O15: Present | P15: Present | Q15: Present | R15: Present | S15: Present | T15: Absent | U15: 0.8 | V15: 5 | W15: 4 | Y15: ayo_bamidele | Z15: Present | AA15: Present | AB15: Present | AC15: Present | AD15: Present | AE15: Present | AF15: 1 | AG15: 22 | AH15: 7
A16: chibuzo_nwankwo | B16: 44859.408 | C16: 44859 | D16: Present | E16: Present | F16: Absent | G16: Absent | H16: Absent | I16: Absent | J16: 0.2 | K16: 15 | L16: 6 | N16: babatunde_afeez | O16: Present | P16: Present | Q16: Present | R16: Present | S16: Present | T16: Absent | U16: 0.8 | V16: 5 | W16: 8 | Y16: babatunde_afeez | Z16: Present | AA16: Present | AB16: Present | AC16: Present | AD16: Present | AE16: Present | AF16: 1 | AG16: 18 | AH16: 9
A17: abdulazeez_juwon | B17: 44859.409 | C17: 44859 | D17: Present | E17: Present | F17: Absent | G17: Absent | H17: Absent | I17: Absent | J17: 0.2 | K17: 12 | L17: 12 | N17: abdulazeez_juwon | O17: Present | P17: Present | Q17: Absent | R17: Present | S17: Present | T17: Absent | U17: 0.6 | V17: 4 | W17: 12 | Y17: abdulazeez_juwon | Z17: Present | AA17: Present | AB17: Absent | AC17: Present | AD17: Present | AE17: Absent | AF17: 0.6 | AG17: 15 | AH17: 12
A20: =A4 -> Staff Name | B20: =J$4 -> 6 Working Days % Tracker | C20: =K$4 -> Days Present for that Month | E20: =N4 -> Staff Name | F20: =U4 -> 6 Working Days % Tracker | G20: =V4 -> Days Present for that Month | I20: =Y4 -> Staff Name | J20: =AF4 -> 6 Working Days % Tracker | K20: =AG4 -> Days Present for that Month
A21: =A5 -> ademola_akintayo | B21: =J5 -> 0.2 | C21: =K5 -> 19 | E21: =N5 -> ademola_akintayo | F21: =U5 -> 1 | G21: =V5 -> 6 | I21: =Y5 -> david_jimba | J21: =AF5 -> 1 | K21: =AG5 -> 26
A22: =A6 -> ayo_bamidele | B22: =J6 -> 0.2 | C22: =K6 -> 19 | E22: =N6 -> ayo_bamidele | F22: =U6 -> 1 | G22: =V6 -> 6 | I22: =Y6 -> joseph_akpan | J22: =AF6 -> 1 | K22: =AG6 -> 25
A23: =A7 -> david_jimba | B23: =J7 -> 0.2 | C23: =K7 -> 19 | E23: =N7 -> chibuzo_nwankwo | F23: =U7 -> 1 | G23: =V7 -> 6 | I23: =Y7 -> ogunlade_samuel_tope | J23: =AF7 -> 1 | K23: =AG7 -> 25
A24: =A8 -> joseph_akpan | B24: =J8 -> 0.2 | C24: =K8 -> 19 | E24: =N8 -> david_jimba | F24: =U8 -> 1 | G24: =V8 -> 6 | I24: =Y8 -> paul_oyelaran | J24: =AF8 -> 1 | K24: =AG8 -> 24
A25: =A9 -> kenedy_onaise | B25: =J9 -> 0.2 | C25: =K9 -> 19 | E25: =N9 -> joseph_akpan | F25: =U9 -> 1 | G25: =V9 -> 6 | I25: =Y9 -> titilayo_esther | J25: =AF9 -> 1 | K25: =AG9 -> 24
A26: =A10 -> paul_oyelaran | B26: =J10 -> 0.2 | C26: =K10 -> 19 | E26: =N10 -> kenedy_onaise | F26: =U10 -> 1 | G26: =V10 -> 6 | I26: =Y10 -> ademola_akintayo | J26: =AF10 -> 1 | K26: =AG10 -> 25
A27: =A11 -> titilayo_esther | B27: =J11 -> 0.2 | C27: =K11 -> 19 | E27: =N11 -> ogunlade_samuel_tope | F27: =U11 -> 1 | G27: =V11 -> 6 | I27: =Y11 -> oluwaseun_corper | J27: =AF11 -> 0.6 | K27: =AG11 -> 14
A28: =A12 -> michael_omotosho | B28: =J12 -> 0.2 | C28: =K12 -> 15 | E28: =N12 -> paul_oyelaran | F28: =U12 -> 1 | G28: =V12 -> 6 | I28: =Y12 -> chibuzo_nwankwo | J28: =AF12 -> 1 | K28: =AG12 -> 24
A29: =A13 -> ogunlade_samuel_tope | B29: =J13 -> 0.2 | C29: =K13 -> 14 | E29: =N13 -> titilayo_esther | F29: =U13 -> 1 | G29: =V13 -> 6 | I29: =Y13 -> kenedy_onaise | J29: =AF13 -> 1 | K29: =AG13 -> 21
A30: =A14 -> oluwaseun_corper | B30: =J14 -> 0.2 | C30: =K14 -> 11 | E30: =N14 -> oluwaseun_corper | F30: =U14 -> 0.6 | G30: =V14 -> 4 | I30: =Y14 -> michael_omotosho | J30: =AF14 -> 0.8 | K30: =AG14 -> 21
A31: =A15 -> babatunde_afeez | B31: =J15 -> 0.2 | C31: =K15 -> 16 | E31: =N15 -> michael_omotosho | F31: =U15 -> 0.8 | G31: =V15 -> 5 | I31: =Y15 -> ayo_bamidele | J31: =AF15 -> 1 | K31: =AG15 -> 22
A32: =A16 -> chibuzo_nwankwo | B32: =J16 -> 0.2 | C32: =K16 -> 15 | E32: =N16 -> babatunde_afeez | F32: =U16 -> 0.8 | G32: =V16 -> 5 | I32: =Y16 -> babatunde_afeez | J32: =AF16 -> 1 | K32: =AG16 -> 18
A33: =A17 -> abdulazeez_juwon | B33: =J17 -> 0.2 | C33: =K17 -> 12 | E33: =N17 -> abdulazeez_juwon | F33: =U17 -> 0.6 | G33: =V17 -> 4 | I33: =Y17 -> abdulazeez_juwon | J33: =AF17 -> 0.6 | K33: =AG17 -> 15

Sheet Month Guide
A1: S/N | B1: Month Name
A2: 1 | B2: JANUARY
A3: 2 | B3: FEBRUARY
A4: 3 | B4: MARCH
A5: 4 | B5: APRIL
A6: 5 | B6: MAY
A7: 6 | B7: JUNE
A8: 7 | B8: JULY
A9: 8 | B9: AUGUST
A10: 9 | B10: SEPTEMBER
A11: 10 | B11: OCTOBER
A12: 11 | B12: NOVEMBER
A13: 12 | B13: DECEMBER

Sheet HQ Fleet Attendance
A1: data-start_time | B1: data-end_time | C1: data-section1-activity | D1: data-section1-position | E1: data-section1-staff | F1: data-section1-staff_sick | G1: data-section1-sick_reason | H1: data-section1-staff_on_leave | I1: data-section1-leave_type | J1: data-section1-staff_absentee | K1: data-section1-absent_reason | L1: data-section1-uid | M1: data-meta-instanceID | N1: Week Name | O1: Month Number | P1: Date | Q1: Week of the Year
A2: 6/29/2022 15:02:00 | B2: 44741.627 | C2: absentee | D2: fleet_finance_officer | J2: joseph_akpan | K2: On assignment | L2: 20220629150211 | M2: uuid:1f36b85d-ff29-4441-8c00-f50552522997 | N2: Wednesday | O2: 6 | P2: 44741 | Q2: 26
A3: 6/29/2022 15:03:00 | B3: 44741.627 | C3: absentee | D3: director | J3: ayo_bamidele | K3: On assignment | L3: 20220629150336 | M3: uuid:6103ac44-4bc6-4136-ab52-4b6c5bb32d9b | N3: Wednesday | O3: 6 | P3: 44741 | Q3: 26
A4: 6/29/2022 15:03:00 | B4: 44741.628 | C4: absentee | D4: corper | J4: abdulazeez_juwon | K4: CSD | L4: 20220629150348 | M4: uuid:85bbbfa5-d629-4019-a378-1200175af8a4 | N4: Wednesday | O4: 6 | P4: 44741 | Q4: 26
A5: 6/29/2022 15:04:00 | B5: 44741.628 | C5: absentee | D5: corper | J5: titilayo_corper | K5: CSD | L5: 20220629150412 | M5: uuid:c603cb2b-91db-4a0e-91f9-6fcaf003b40d | N5: Wednesday | O5: 6 | P5: 44741 | Q5: 26
A6: 6/29/2022 15:05:00 | B6: 44741.628 | C6: attendance | D6: data_optimization_manager | E6: david_jimba | L6: 20220629150521 | M6: uuid:96668153-daa5-451e-8629-ddf53344c9a1 | N6: Wednesday | O6: 6 | P6: 44741 | Q6: 26
A7: 6/29/2022 15:05:00 | B7: 44741.628 | C7: attendance | D7: document_reconcilation_officer | E7: kenedy_onaise | L7: 20220629150531 | M7: uuid:d0ae9f07-16b0-4307-b516-6e6ff55222dc | N7: Wednesday | O7: 6 | P7: 44741 | Q7: 26
A8: 6/29/2022 15:05:00 | B8: 44741.628 | C8: attendance | D8: fuel_reconcilation_officer | E8: ademola_akintayo | L8: 20220629150545 | M8: uuid:5229b44e-8ab4-4f55-96e2-f6fc1f2387f1 | N8: Wednesday | O8: 6 | P8: 44741 | Q8: 26
A9: 6/29/2022 15:05:00 | B9: 44741.629 | C9: attendance | D9: car_track_analyst | E9: motunrayo_aderemi | L9: 20220629150555 | M9: uuid:3717fd7a-fe39-4c8d-b20c-9fb596b98d82 | N9: Wednesday | O9: 6 | P9: 44741 | Q9: 26
A10: 6/29/2022 15:06:00 | B10: 44741.629 | C10: attendance | D10: car_track_analyst | E10: paul_oyelaran | L10: 20220629150604 | M10: uuid:ef135918-50b7-471e-96fa-ca2893585c3b | N10: Wednesday | O10: 6 | P10: 44741 | Q10: 26
A11: 6/29/2022 15:06:00 | B11: 44741.629 | C11: attendance | D11: senior_data_analyst | E11: chibuzo_nwankwo | L11: 20220629150613 | M11: uuid:9b40e5b1-ed8e-4fe7-8f08-4c2199ade93a | N11: Wednesday | O11: 6 | P11: 44741 | Q11: 26
A12: 6/29/2022 15:06:00 | B12: 44741.629 | C12: attendance | D12: senior_data_analyst | E12: babatunde_afeez | L12: 20220629150622 | M12: uuid:0610b57c-70ae-45b6-bf4a-7b754ad3b46d | N12: Wednesday | O12: 6 | P12: 44741 | Q12: 26
A13: 6/29/2022 15:06:00 | B13: 44741.629 | C13: attendance | D13: fleet_finance_officer | E13: michael_omotosho | L13: 20220629150631 | M13: uuid:187ba434-e120-4dad-914a-6219a8e5d1d6 | N13: Wednesday | O13: 6 | P13: 44741 | Q13: 26
A14: 6/29/2022 15:06:00 | B14: 44741.629 | C14: attendance | D14: repair_analyst | E14: ogunlade_samuel_tope | L14: 20220629150640 | M14: uuid:9e626004-b353-4e87-aa4b-d3760537ffb9 | N14: Wednesday | O14: 6 | P14: 44741 | Q14: 26
A15: 6/30/2022 10:41:00 | B15: 44742.446 | C15: attendance | D15: document_reconcilation_officer | E15: kenedy_onaise | L15: 20220630104137 | M15: uuid:3881b746-1d99-4844-8cdc-ec16aa51c07c | N15: Thursday | O15: 6 | P15: 44742 | Q15: 26
A16: 6/30/2022 10:42:00 | B16: 44742.447 | C16: attendance | D16: fuel_reconcilation_officer | E16: ademola_akintayo | L16: 20220630104255 | M16: uuid:6ad10173-c415-4c46-87ef-ac328a895315 | N16: Thursday | O16: 6 | P16: 44742 | Q16: 26
A17: 6/30/2022 10:43:00 | B17: 44742.447 | C17: attendance | D17: car_track_analyst | E17: motunrayo_aderemi | L17: 20220630104309 | M17: uuid:4c20b353-5eac-43b6-92f2-adfbe9063162 | N17: Thursday | O17: 6 | P17: 44742 | Q17: 26
... A23: 6/30/2022 10:44:00 | B23: 44742.447 | C23: attendance | D23: corper | E23: abdulazeez_juwon | L23: 20220630104426 | M23: uuid:9de31abc-17eb-48f3-8599-48507180967c | N23: Thursday | O23: 6 | P23: 44742 | Q23: 26
A24: 6/30/2022 10:44:00 | B24: 44742.447 | C24: absentee | L24: 20220630104436 | M24: uuid:23883d3a-924f-4f8a-9558-5c734766e9fc | N24: Thursday | O24: 6 | P24: 44742 | Q24: 26
A25: 6/30/2022 10:44:00 | B25: 44742.448 | C25: absentee | L25: 20220630104453 | M25: uuid:2c15aa35-2920-435e-b61f-892567593f14 | N25: Thursday | O25: 6 | P25: 44742 | Q25: 26
A26: 6/30/2022 10:45:00 | B26: 44742.448 | C26: attendance | D26: data_optimization_manager | E26: david_jimba | L26: 20220630104506 | M26: uuid:3932b09f-209b-49cf-9080-62b096518176 | N26: Thursday | O26: 6 | P26: 44742 | Q26: 26
A27: 7/1/2022 14:53:00 | B27: 44743.62 | C27: attendance | D27: fuel_reconcilation_officer | E27: ademola_akintayo | L27: 20220701145336 | M27: uuid:4945fcc8-8414-42a6-afec-4e84971e2c5c | N27: Friday | O27: 7 | P27: 44743 | Q27: 26
A28: 7/1/2022 14:53:00 | B28: 44743.621 | C28: attendance | D28: document_reconcilation_officer | E28: kenedy_onaise | L28: 20220701145346 | M28: uuid:fcd42b06-a10f-415a-add6-20ce55e24150 | N28: Friday | O28: 7 | P28: 44743 | Q28: 26
A29: 7/1/2022 14:54:00 | B29: 44743.621 | C29: attendance | D29: car_track_analyst | E29: motunrayo_aderemi | L29: 20220701145403 | M29: uuid:5c0b0c1e-90eb-435b-a036-203c212ebc37 | N29: Friday | O29: 7 | P29: 44743 | Q29: 26
A30: 7/1/2022 14:54:00 | B30: 44743.621 | C30: attendance | D30: car_track_analyst | E30: paul_oyelaran | L30: 20220701145414 | M30: uuid:2e43d4d4-f439-401a-af81-f42daf5f1b68 | N30: Friday | O30: 7 | P30: 44743 | Q30: 26
A31: 7/1/2022 14:54:00 | B31: 44743.621 | C31: attendance | D31: senior_data_analyst | E31: chibuzo_nwankwo | L31: 20220701145424 | M31: uuid:6437ec87-b8c0-4b92-a635-ee78414f3a93 | N31: Friday | O31: 7 | P31: 44743 | Q31: 26
A32: 7/1/2022 14:54:00 | B32: 44743.621 | C32: attendance | D32: fleet_finance_officer | E32: michael_omotosho | L32: 20220701145433 | M32: uuid:7527e456-e99c-4cb4-b5d7-862c69f92a65 | N32: Friday | O32: 7 | P32: 44743 | Q32: 26
A33: 7/1/2022 14:54:00 | B33: 44743.621 | C33: attendance | D33: repair_analyst | E33: ogunlade_samuel_tope | L33: 20220701145443 | M33: uuid:eee21e87-308d-45d0-9bae-3b2483b192f7 | N33: Friday | O33: 7 | P33: 44743 | Q33: 26
A34: 7/1/2022 14:54:00 | B34: 44743.622 | C34: attendance | D34: corper | E34: abdulazeez_juwon | L34: 20220701145453 | M34: uuid:dd0c20ad-51ad-4d6c-8915-63c8fe9e41f2 | N34: Friday | O34: 7 | P34: 44743 | Q34: 26
A35: 7/1/2022 14:55:00 | B35: 44743.622 | C35: absentee | L35: 20220701145505 | M35: uuid:88934388-62d1-4e87-a2db-e2c7a56d1083 | N35: Friday | O35: 7 | P35: 44743 | Q35: 26
A36: 7/1/2022 14:55:00 | B36: 44743.622 | C36: absentee | L36: 20220701145520 | M36: uuid:5e1e49de-6687-4d2f-9b07-5f1ee81aa178 | N36: Friday | O36: 7 | P36: 44743 | Q36: 26
A37: 7/1/2022 14:55:00 | B37: 44743.622 | C37: absentee | L37: 20220701145532 | M37: uuid:10b772fa-7fff-4256-97ca-1377164a54f0 | N37: Friday | O37: 7 | P37: 44743 | Q37: 26
A38: 7/1/2022 15:00:00 | B38: 44743.625 | C38: attendance | D38: data_optimization_manager | E38: david_jimba | L38: 20220701150005 | M38: uuid:f1d6f277-e4d7-498a-9202-53164b27ddf8 | N38: Friday | O38: 7 | P38: 44743 | Q38: 26
A39: 7/2/2022 15:15:00 | B39: 44744.571 | C39: attendance | D39: data_optimization_manager | E39: david_jimba | L39: 20220702134219 | M39: uuid:20b7206e-3ab4-4a57-984c-5e42962c36ca | N39: Saturday | O39: 7 | P39: 44744 | Q39: 26
A40: 7/2/2022 13:42:00 | B40: 44744.571 | C40: attendance | D40: document_reconcilation_officer | E40: kenedy_onaise | L40: 20220702134229 | M40: uuid:44dd6e01-0942-4ea0-90e3-05d0691db24e | N40: Saturday | O40: 7 | P40: 44744 | Q40: 26
A41: 7/2/2022 13:42:00 | B41: 44744.571 | C41: attendance | D41: fuel_reconcilation_officer | E41: ademola_akintayo | L41: 20220702134237 | M41: uuid:a56ecde0-cbfb-4a8d-bc2a-d0378883546b | N41: Saturday | O41: 7 | P41: 44744 | Q41: 26
A42: 7/2/2022 13:42:00 | B42: 44744.572 | C42: attendance | D42: car_track_analyst | E42: paul_oyelaran | L42: 20220702134255 | M42: uuid:3a88d303-0457-4814-85f0-86b867ddf20b | N42: Saturday | O42: 7 | P42: 44744 | Q42: 26
A43: 7/2/2022 13:43:00 | B43: 44744.572 | C43: attendance | D43: repair_analyst | E43: ogunlade_samuel_tope | L43: 20220702134316 | M43: uuid:dd704c68-1ab7-4d6d-b357-703f60002e68 | N43: Saturday | O43: 7 | P43: 44744 | Q43: 26
A44: 7/2/2022 13:44:00 | B44: 44744.573 | C44: attendance | D44: senior_data_analyst | E44: babatunde_afeez | L44: 20220702134446 | M44: uuid:cf013ac7-0951-4b9e-a732-a69b8a8731e0 | N44: Saturday | O44: 7 | P44: 44744 | Q44: 26
A45: 7/2/2022 13:43:00 | B45: 44744.572 | C45: absentee | L45: 20220702134327 | M45: uuid:db98d7a5-4578-4293-a24f-e081ef169e10 | N45: Saturday | O45: 7 | P45: 44744 | Q45: 26
A46: 7/2/2022 13:43:00 | B46: 44744.572 | C46: absentee | L46: 20220702134344 | M46: uuid:19890de1-5972-4427-bbc7-a39d341ff602 | N46: Saturday | O46: 7 | P46: 44744 | Q46: 26
A47: 7/2/2022 13:43:00 | B47: 44744.572 | C47: absentee | L47: 20220702134353 | M47: uuid:a3d66936-c942-4ad9-b79a-b8667f3423e5 | N47: Saturday | O47: 7 | P47: 44744 | Q47: 26
A48: 7/2/2022 13:44:00 | B48: 44744.572 | C48: absentee | L48: 20220702134429 | M48: uuid:6feca150-a0de-4b99-826a-43c5de2dd9af | N48: Saturday | O48: 7 | P48: 44744 | Q48: 26
A49: 7/2/2022 13:42:00 | B49: 44744.571 | C49: absentee | L49: 20220702134246 | M49: uuid:3adde999-4c9c-43cd-9e35-9df707f013b5 | N49: Saturday | O49: 7 | P49: 44744 | Q49: 26
A50: 7/2/2022 13:45:00 | B50: 44744.573 | C50: absentee | L50: 20220702134504 | M50: uuid:c898b07e-6f2f-474b-b704-8847149a223b | N50: Saturday | O50: 7 | P50: 44744 | Q50: 26
A51: 7/2/2022 13:45:00 | B51: 44744.574 | C51: absentee | L51: 20220702134539 | M51: uuid:7a4a071f-2907-4696-bc49-396c57e3ed9e | N51: Saturday | O51: 7 | P51: 44744 | Q51: 26
A52: 7/4/2022 9:06:00 | B52: 44746.379 | C52: attendance | D52: senior_data_analyst | E52: chibuzo_nwankwo | L52: 20220704090649 | M52: uuid:77a64439-1c53-4b41-85fd-cf854c32ac59 | N52: Monday | O52: 7 | P52: 44746 | Q52: 27
A53: 7/4/2022 9:07:00 | B53: 44746.38 | C53: attendance | D53: fleet_finance_officer | E53: michael_omotosho | L53: 20220704090702 | M53: uuid:0612e04b-277d-4c41-b99a-db0b34624220 | N53: Monday | O53: 7 | P53: 44746 | Q53: 27
A54: 7/4/2022 9:07:00 | B54: 44746.38 | C54: attendance | D54: repair_analyst | E54: ogunlade_samuel_tope | L54: 20220704090711 | M54: uuid:df163458-f3e0-45ab-ad58-b4a9e373809d | N54: Monday | O54: 7 | P54: 44746 | Q54: 27
A55: 7/4/2022 9:07:00 | B55: 44746.38 | C55: attendance | D55: car_track_analyst | E55: paul_oyelaran | L55: 20220704090720 | M55: uuid:efc0c424-ea3f-48ed-978f-aecf47fd59f9 | N55: Monday | O55: 7 | P55: 44746 | Q55: 27
A56: 7/4/2022 9:07:00 | B56: 44746.38 | C56: attendance | D56: corper | E56: abdulazeez_juwon | L56: 20220704090731 | M56: uuid:1179632b-d284-4c7e-87cd-81650b2f5eed | N56: Monday | O56: 7 | P56: 44746 | Q56: 27
A57: 7/4/2022 9:15:00 | B57: 44746.385 | C57: attendance | D57: car_track_analyst | E57: motunrayo_aderemi | L57: 20220704091529 | M57: uuid:0eb0f006-dae7-4afc-bc99-8123fb96b748 | N57: Monday | O57: 7 | P57: 44746 | Q57: 27
A58: 7/4/2022 9:15:00 | B58: 44746.385 | C58: attendance | D58: fuel_reconcilation_officer | E58: ademola_akintayo | L58: 20220704091538 | M58: uuid:1d86b082-cc15-4321-bc48-b0342cca083f | N58: Monday | O58: 7 | P58: 44746 | Q58: 27
A59: 7/4/2022 9:17:00 | B59: 44746.387 | C59: attendance | D59: document_reconcilation_officer | E59: kenedy_onaise | L59: 20220704091737 | M59: uuid:0cf060a8-c15d-4b31-a5a2-f35258e9da19 | N59: Monday | O59: 7 | P59: 44746 | Q59: 27
A60: 7/4/2022 9:17:00 | B60: 44746.387 | C60: attendance | D60: data_optimization_manager | E60: david_jimba | L60: 20220704091747 | M60: uuid:498a4841-b836-4551-94da-252c8bdff6b7 | N60: Monday | O60: 7 | P60: 44746 | Q60: 27
A61: 7/4/2022 12:13:00 | B61: 44746.509 | C61: attendance | D61: senior_data_analyst | E61: babatunde_afeez | L61: 20220704121316 | M61: uuid:7959936e-b73a-4fb5-9d40-215ab8516fea | N61: Monday | O61: 7 | P61: 44746 | Q61: 27
A62: 7/4/2022 12:13:00 | B62: 44746.509 | C62: absentee | L62: 20220704121338 | M62: uuid:6634d10a-5444-4bc5-ab43-3039ce0104ab | N62: Monday | O62: 7 | P62: 44746 | Q62: 27
A63: 7/4/2022 12:13:00 | B63: 44746.51 | C63: absentee | L63: 20220704121350 | M63: uuid:00c3fbb5-f2d2-4084-a676-e82f9f9de55c | N63: Monday | O63: 7 | P63: 44746 | Q63: 27
A64: 7/4/2022 14:57:00 | B64: 44746.623 | C64: attendance | D64: director | E64: ayo_bamidele | L64: 20220704145740 | M64: uuid:74e4f370-ae7a-4c4e-825f-fc7b67882267 | N64: Monday | O64: 7 | P64: 44746 | Q64: 27
A65: 7/5/2022 9:48:00 | B65: 44747.408 | C65: attendance | D65: corper | E65: abdulazeez_juwon | L65: 20220705094839 | M65: uuid:0cfb442d-83e5-4d7e-b373-49d104fa4a74 | N65: Tuesday | O65: 7 | P65: 44747 | Q65: 27
A66: 7/5/2022 9:48:00 | B66: 44747.409 | C66: attendance | D66: repair_analyst | E66: ogunlade_samuel_tope | L66: 20220705094853 | M66: uuid:44a58517-a88d-4c04-9a05-2ab952cad53e | N66: Tuesday | O66: 7 | P66: 44747 | Q66: 27
A67: 7/5/2022 9:49:00 | B67: 44747.409 | C67: attendance | D67: fleet_finance_officer | E67: michael_omotosho | L67: 20220705094903 | M67: uuid:15b70917-5428-4b8e-9492-ccb6ad43679f | N67: Tuesday | O67: 7 | P67: 44747 | Q67: 27
A68: 7/5/2022 9:49:00 | B68: 44747.409 | C68: attendance | D68: senior_data_analyst | E68: chibuzo_nwankwo | L68: 20220705094911 | M68: uuid:35bb9362-3098-4da9-9a48-3cfc11c951cc | N68: Tuesday | O68: 7 | P68: 44747 | Q68: 27
A69: 7/5/2022 9:49:00 | B69: 44747.409 | C69: attendance | D69: car_track_analyst | E69: paul_oyelaran | L69: 20220705094921 | M69: uuid:631e54fb-edba-4d31-b600-215a73313c4e | N69: Tuesday | O69: 7 | P69: 44747 | Q69: 27
A70: 7/5/2022 9:49:00 | B70: 44747.409 | C70: attendance | D70: car_track_analyst | E70: motunrayo_aderemi | L70: 20220705094931 | M70: uuid:1b6d9556-d1c8-40f9-8952-e9e5aed49819 | N70: Tuesday | O70: 7 | P70: 44747 | Q70: 27
A71: 7/5/2022 9:49:00 | B71: 44747.409 | C71: attendance | D71: fuel_reconcilation_officer | E71: ademola_akintayo | L71: 20220705094940 | M71: uuid:cd7630d5-84d2-44d9-a649-240ec2824752 | N71: Tuesday | O71: 7 | P71: 44747 | Q71: 27
A72: 7/5/2022 9:49:00 | B72: 44747.41 | C72: absentee | L72: 20220705094953 | M72: uuid:dda6b51e-276a-446f-9ad9-4cf1df6f9d04 | N72: Tuesday | O72: 7 | P72: 44747 | Q72: 27
A73: 7/5/2022 9:50:00 | B73: 44747.41 | C73: attendance | D73: data_optimization_manager | E73: david_jimba | L73: 20220705095004 | M73: uuid:853db0e6-1a4d-414c-b8d8-86a42889eb33 | N73: Tuesday | O73: 7 | P73: 44747 | Q73: 27
A74: 7/5/2022 9:50:00 | B74: 44747.41 | C74: absentee | L74: 20220705095013 | M74: uuid:57143c3d-249c-407a-8a40-2087767f88b8 | N74: Tuesday | O74: 7 | P74: 44747 | Q74: 27
A75: 7/5/2022 12:52:00 | B75: 44747.536 | C75: absentee | L75: 20220705125238 | M75: uuid:13cad755-4f27-4973-962e-38435611694b | N75: Tuesday | O75: 7 | P75: 44747 | Q75: 27
A76: 7/5/2022 12:52:00 | B76: 44747.537 | C76: absentee | D76: director | E76: ayo_bamidele | L76: 20220705125257 | M76: uuid:47d120da-5623-4773-accb-f3c79c9f8614 | N76: Tuesday | O76: 7 | P76: 44747 | Q76: 27
A77: 7/5/2022 12:53:00 | B77: 44747.537 | C77: absentee | L77: 20220705125317 | M77: uuid:045eba06-3c2c-4606-8d4e-24cd7c8cf2c5 | N77: Tuesday | O77: 7 | P77: 44747 | Q77: 27
A78: 7/6/2022 9:26:00 | B78: 44748.393 | C78: attendance | D78: data_optimization_manager | E78: david_jimba | L78: 20220706092616 | M78: uuid:efaaf614-e534-415c-a341-3233068d3fdd | N78: Wednesday | O78: 7 | P78: 44748 | Q78: 27
A79: 7/6/2022 9:26:00 | B79: 44748.393 | C79: attendance | D79: fuel_reconcilation_officer | E79: ademola_akintayo | L79: 20220706092627 | M79: uuid:0e3afc72-e20e-4eeb-993e-3386aca8e8c5 | N79: Wednesday | O79: 7 | P79: 44748 | Q79: 27
A80: 7/6/2022 9:26:00 | B80: 44748.393 | C80: attendance | D80: car_track_analyst | E80: paul_oyelaran | L80: 20220706092636 | M80: uuid:d1ac4fe5-8907-4c06-bb2a-2fbd747650a3 | N80: Wednesday | O80: 7 | P80: 44748 | Q80: 27
A81: 7/6/2022 9:26:00 | B81: 44748.393 | C81: attendance | D81: senior_data_analyst | E81: chibuzo_nwankwo | L81: 20220706092645 | M81: uuid:89598bbf-2b48-4c32-8fa2-dd2ad0d11667 | N81: Wednesday | O81: 7 | P81: 44748 | Q81: 27
A82: 7/6/2022 9:26:00 | B82: 44748.394 | C82: attendance | D82: repair_analyst | E82: ogunlade_samuel_tope | L82: 20220706092657 | M82: uuid:6f72a79f-babc-4359-a9fa-7349aa478e5c | N82: Wednesday | O82: 7 | P82: 44748 | Q82: 27
A83: 7/6/2022 9:29:00 | B83: 44748.395 | C83: attendance | D83: document_reconcilation_officer | E83: kenedy_onaise | L83: 20220706092919 | M83: uuid:500627f8-5d79-4fbd-85a3-ab90e0b4def2 | N83: Wednesday | O83: 7 | P83: 44748 | Q83: 27
A84: 7/6/2022 9:36:00 | B84: 44748.4 | C84: attendance | D84: car_track_analyst | E84: motunrayo_aderemi | L84: 20220706093601 | M84: uuid:d60f6180-1e66-408d-8e6a-3b00f72be96b | N84: Wednesday | O84: 7 | P84: 44748 | Q84: 27
A85: 7/6/2022 9:42:00 | B85: 44748.404 | C85: sick/unhealthy | F85: michael_omotosho | G85: I'm having malaria | L85: 20220706094203 | M85: uuid:fc9cd4e4-1473-4f9f-98f2-e63fc4112350 | N85: Wednesday | O85: 7 | P85: 44748 | Q85: 27
A86: 7/6/2022 9:42:00 | B86: 44748.404 | C86: absentee | J86: titilayo_corper | K86: None | L86: 20220706094224 | M86: uuid:640ee7e2-efd2-4020-83ce-f0291a2ec4ba | N86: Wednesday | O86: 7 | P86: 44748 | Q86: 27
A87: 7/6/2022 10:19:00 | B87: 44748.43 | C87: attendance | D87: senior_data_analyst | E87: babatunde_afeez | J87: joseph_akpan | K87: On assignment | L87: 20220706101920 | M87: uuid:62132f94-5ca7-46e5-895e-24265a1380d5 | N87: Wednesday | O87: 7 | P87: 44748 | Q87: 27
A88: 7/6/2022 10:19:00 | B88: 44748.43 | C88: absentee | J88: abdulazeez_juwon | K88: CDS | L88: 20220706101931 | M88: uuid:2758cdd3-7182-461e-9ad6-0f2ec7a3c201 | N88: Wednesday | O88: 7 | P88: 44748 | Q88: 27
A89: 7/6/2022 11:12:00 | B89: 44748.469 | C89: attendance | D89: director | E89: ayo_bamidele | L89: 20220706111239 | M89: uuid:cf43e86a-5d61-4339-89d0-c9eb793c1670 | N89: Wednesday | O89: 7 | P89: 44748 | Q89: 27
A90: 7/7/2022 9:18:00 | B90: 44749.387 | C90: attendance | D90: repair_analyst | E90: ogunlade_samuel_tope | L90: 20220707091844 | M90: uuid:9b0c600d-0a93-483e-a272-60362fb88c04 | N90: Thursday | O90: 7 | P90: 44749 | Q90: 27
A91: 7/7/2022 9:19:00 | B91: 44749.388 | C91: attendance | D91: fleet_finance_officer | E91: michael_omotosho | L91: 20220707091900 | M91: uuid:273cd52c-0b84-4335-b46e-2335fc1395f5 | N91: Thursday | O91: 7 | P91: 44749 | Q91: 27
A92: 7/7/2022 9:19:00 | B92: 44749.388 | C92: attendance | D92: corper | E92: abdulazeez_juwon | L92: 20220707091916 | M92: uuid:6df135b2-22e2-4282-8514-e74b67cd01db | N92: Thursday | O92: 7 | P92: 44749 | Q92: 27
A93: 7/7/2022 9:19:00 | B93: 44749.388 | C93: attendance | D93: senior_data_analyst | E93: chibuzo_nwankwo | L93: 20220707091927 | M93: uuid:94ea53b6-da08-407f-821b-8aa96ead2f37 | N93: Thursday | O93: 7 | P93: 44749 | Q93: 27
A94: 7/7/2022 9:25:00 | B94: 44749.392 | C94: attendance | D94: fuel_reconcilation_officer | E94: ademola_akintayo | L94: 20220707092500 | M94: uuid:bb807579-a7ba-426e-a796-4148092a1473 | N94: Thursday | O94: 7 | P94: 44749 | Q94: 27
A95: 7/7/2022 9:25:00 | B95: 44749.392 | C95: attendance | D95: document_reconcilation_officer | E95: kenedy_onaise | L95: 20220707092510 | M95: uuid:ddbb3c95-ba84-4ad3-b98d-32b29d76605a | N95: Thursday | O95: 7 | P95: 44749 | Q95: 27
A96: 7/7/2022 9:25:00 | B96: 44749.392 | C96: attendance | D96: data_optimization_manager | E96: david_jimba | L96: 20220707092521 | M96: uuid:9314918b-260a-42f7-874e-4e7a0cb4096b | N96: Thursday | O96: 7 | P96: 44749 | Q96: 27
A97: 7/7/2022 9:26:00 | B97: 44749.393 | C97: attendance | D97: car_track_analyst | E97: paul_oyelaran | L97: 20220707092625 | M97: uuid:0975a2e4-45bb-48cb-a25b-79002c1d8f98 | N97: Thursday | O97: 7 | P97: 44749 | Q97: 27
A98: 7/7/2022 9:36:00 | B98: 44749.401 | C98: attendance | D98: car_track_analyst | E98: motunrayo_aderemi | L98: 20220707093658 | M98: uuid:27eb0978-5d59-4434-aac4-cc9bd8914318 | N98: Thursday | O98: 7 | P98: 44749 | Q98: 27
A99: 7/7/2022 11:25:00 | B99: 44749.476 | C99: absentee | D99: corper | J99: titilayo_corper | K99: None | L99: 20220707112510 | M99: uuid:5b57c50e-22f3-4acb-a814-7ca8c2c0ac9e | N99: Thursday | O99: 7 | P99: 44749 | Q99: 27
A100: 7/7/2022 11:25:00 | B100: 44749.476 | C100: absentee | D100: fleet_sales_manager | J100: joseph_akpan | K100: On assignment | L100: 20220707112522 | M100: uuid:63cb329c-4adf-41f4-8387-a0c24ba186f2 | N100: Thursday | O100: 7 | P100: 44749 | Q100: 27
A101: 7/7/2022 11:25:00 | B101: 44749.476 | C101: absentee | D101: senior_data_analyst | J101: babatunde_afeez | K101: Working from warehouse | L101: 20220707112538 | M101: uuid:c5d5616e-dfc1-4f1d-abe6-aac43bdfde3e | N101: Thursday | O101: 7 | P101: 44749 | Q101: 27
A102: 7/7/2022 11:26:00 | B102: 44749.476 | C102: absentee | D102: director | J102: ayo_bamidele | K102: On assignment | L102: 20220707112603 | M102: uuid:260afcf4-09db-4db5-ad5d-64a13aec0ebb | N102: Thursday | O102: 7 | P102: 44749 | Q102: 27
A103: 7/8/2022 10:14:00 | B103: 44750.426 | C103: attendance | D103: repair_analyst | E103: ogunlade_samuel_tope | L103: 20220708101431 | M103: uuid:9bbf3595-40b9-4e6e-8481-ec9c1d740a9a | N103: Friday | O103: 7 | P103: 44750 | Q103: 27
A104: 7/8/2022 10:14:00 | B104: 44750.427 | C104: attendance | D104: fleet_finance_officer | E104: michael_omotosho | L104: 20220708101447 | M104: uuid:188f51e9-7a18-4ce2-a49e-14edd2f90614 | N104: Friday | O104: 7 | P104: 44750 | Q104: 27
A105: 7/8/2022 10:15:00 | B105: 44750.427 | C105: attendance | D105: car_track_analyst | E105: paul_oyelaran | L105: 20220708101503 | M105: uuid:51ab4c6d-703d-44d2-8b45-0b913b7cf89e | N105: Friday | O105: 7 | P105: 44750 | Q105: 27
...

Sheet Calendar Structure
A1: 2022 CALENDAR | I1: 2022 WEEK NUMBER OF THE YEAR | Q1: 2022 WEEK DAY | Y1: 2022 WEEK NUMBER WITHIN THE YEAR
A2: Sat | B2: Sun | C2: Mon | D2: Tue | E2: Wed | F2: Thu | G2: Fri | I2: Sat | J2: Sun | K2: Mon | L2: Tue | M2: Wed | N2: Thu | O2: Fri | Q2: Sat | R2: Sun | S2: Mon | T2: Tue | U2: Wed | V2: Thu | W2: Fri | Y2: Sat | Z2: Sun | AA2: Mon | AB2: Tue | AC2: Wed | AD2: Thu | AE2: Fri
A3: {=_xlfn.SEQUENCE(52,7,"1/1/2022")} -> 44562 | B3: 44563 | C3: 44564 | D3: 44565 | E3: 44566 | F3: 44567 | G3: 44568 | I3: {=_xlfn.ISOWEEKNUM(_xlfn.ANCHORARRAY(A3))} -> 52 | J3: 52 | K3: 1 | L3: 1 | M3: 1 | N3: 1 | O3: 1 | Q3: {=WEEKDAY(_xlfn.ANCHORARRAY(A3))} -> 7 | R3: 1 | S3: 2 | T3: 3 | U3: 4 | V3: 5 | W3: 6 | Y3: =WEEKNUM(A3) -> 1 | Z3: =WEEKNUM(B3) -> 2 | AA3: =WEEKNUM(C3) -> 2 | AB3: =WEEKNUM(D3) -> 2 | AC3: =WEEKNUM(E3) -> 2 | AD3: =WEEKNUM(F3) -> 2 | AE3: =WEEKNUM(G3) -> 2
A4: 44569 | B4: 44570 | C4: 44571 | D4: 44572 | E4: 44573 | F4: 44574 | G4: 44575 | I4: 1 | J4: 1 | K4: 2 | L4: 2 | M4: 2 | N4: 2 | O4: 2 | Q4: 7 | R4: 1 | S4: 2 | T4: 3 | U4: 4 | V4: 5 | W4: 6 | Y4: =WEEKNUM(A4) -> 2 | Z4: =WEEKNUM(B4) -> 3 | AA4: =WEEKNUM(C4) -> 3 | AB4: =WEEKNUM(D4) -> 3 | AC4: =WEEKNUM(E4) -> 3 | AD4: =WEEKNUM(F4) -> 3 | AE4: =WEEKNUM(G4) -> 3
A5: 44576 | B5: 44577 | C5: 44578 | D5: 44579 | E5: 44580 | F5: 44581 | G5: 44582 | I5: 2 | J5: 2 | K5: 3 | L5: 3 | M5: 3 | N5: 3 | O5: 3 | Q5: 7 | R5: 1 | S5: 2 | T5: 3 | U5: 4 | V5: 5 | W5: 6 | Y5: =WEEKNUM(A5) -> 3 | Z5: =WEEKNUM(B5) -> 4 | AA5: =WEEKNUM(C5) -> 4 | AB5: =WEEKNUM(D5) -> 4 | AC5: =WEEKNUM(E5) -> 4 | AD5: =WEEKNUM(F5) -> 4 | AE5: =WEEKNUM(G5) -> 4
A6: 44583 | B6: 44584 | C6: 44585 | D6: 44586 | E6: 44587 | F6: 44588 | G6: 44589 | I6: 3 | J6: 3 | K6: 4 | L6: 4 | M6: 4 | N6: 4 | O6: 4 | Q6: 7 | R6: 1 | S6: 2 | T6: 3 | U6: 4 | V6: 5 | W6: 6 | Y6: =WEEKNUM(A6) -> 4 | Z6: =WEEKNUM(B6) -> 5 | AA6: =WEEKNUM(C6) -> 5 | AB6: =WEEKNUM(D6) -> 5 | AC6: =WEEKNUM(E6) -> 5 | AD6: =WEEKNUM(F6) -> 5 | AE6: =WEEKNUM(G6) -> 5
A7: 44590 | B7: 44591 | C7: 44592 | D7: 44593 | E7: 44594 | F7: 44595 | G7: 44596 | I7: 4 | J7: 4 | K7: 5 | L7: 5 | M7: 5 | N7: 5 | O7: 5 | Q7: 7 | R7: 1 | S7: 2 | T7: 3 | U7: 4 | V7: 5 | W7: 6 | Y7: =WEEKNUM(A7) -> 5 | Z7: =WEEKNUM(B7) -> 6 | AA7: =WEEKNUM(C7) -> 6 | AB7: =WEEKNUM(D7) -> 6 | AC7: =WEEKNUM(E7) -> 6 | AD7: =WEEKNUM(F7) -> 6 | AE7: =WEEKNUM(G7) -> 6
A8: 44597 | B8: 44598 | C8: 44599 | D8: 44600 | E8: 44601 | F8: 44602 | G8: 44603 | I8: 5 | J8: 5 | K8: 6 | L8: 6 | M8: 6 | N8: 6 | O8: 6 | Q8: 7 | R8: 1 | S8: 2 | T8: 3 | U8: 4 | V8: 5 | W8: 6 | Y8: =WEEKNUM(A8) -> 6 | Z8: =WEEKNUM(B8) -> 7 | AA8: =WEEKNUM(C8) -> 7 | AB8: =WEEKNUM(D8) -> 7 | AC8: =WEEKNUM(E8) -> 7 | AD8: =WEEKNUM(F8) -> 7 | AE8: =WEEKNUM(G8) -> 7
A9: 44604 | B9: 44605 | C9: 44606 | D9: 44607 | E9: 44608 | F9: 44609 | G9: 44610 | I9: 6 | J9: 6 | K9: 7 | L9: 7 | M9: 7 | N9: 7 | O9: 7 | Q9: 7 | R9: 1 | S9: 2 | T9: 3 | U9: 4 | V9: 5 | W9: 6 | Y9: =WEEKNUM(A9) -> 7 | Z9: =WEEKNUM(B9) -> 8 | AA9: =WEEKNUM(C9) -> 8 | AB9: =WEEKNUM(D9) -> 8 | AC9: =WEEKNUM(E9) -> 8 | AD9: =WEEKNUM(F9) -> 8 | AE9: =WEEKNUM(G9) -> 8
A10: 44611 | B10: 44612 | C10: 44613 | D10: 44614 | E10: 44615 | F10: 44616 | G10: 44617 | I10: 7 | J10: 7 | K10: 8 | L10: 8 | M10: 8 | N10: 8 | O10: 8 | Q10: 7 | R10: 1 | S10: 2 | T10: 3 | U10: 4 | V10: 5 | W10: 6 | Y10: =WEEKNUM(A10) -> 8 | Z10: =WEEKNUM(B10) -> 9 | AA10: =WEEKNUM(C10) -> 9 | AB10: =WEEKNUM(D10) -> 9 | AC10: =WEEKNUM(E10) -> 9 | AD10: =WEEKNUM(F10) -> 9 | AE10: =WEEKNUM(G10) -> 9
A11: 44618 | B11: 44619 | C11: 44620 | D11: 44621 | E11: 44622 | F11: 44623 | G11: 44624 | I11: 8 | J11: 8 | K11: 9 | L11: 9 | M11: 9 | N11: 9 | O11: 9 | Q11: 7 | R11: 1 | S11: 2 | T11: 3 | U11: 4 | V11: 5 | W11: 6 | Y11: =WEEKNUM(A11) -> 9 | Z11: =WEEKNUM(B11) -> 10 | AA11: =WEEKNUM(C11) -> 10 | AB11: =WEEKNUM(D11) -> 10 | AC11: =WEEKNUM(E11) -> 10 | AD11: =WEEKNUM(F11) -> 10 | AE11: =WEEKNUM(G11) -> 10
A12: 44625 | B12: 44626 | C12: 44627 | D12: 44628 | E12: 44629 | F12: 44630 | G12: 44631 | I12: 9 | J12: 9 | K12: 10 | L12: 10 | M12: 10 | N12: 10 | O12: 10 | Q12: 7 | R12: 1 | S12: 2 | T12: 3 | U12: 4 | V12: 5 | W12: 6 | Y12: =WEEKNUM(A12) -> 10 | Z12: =WEEKNUM(B12) -> 11 | AA12: =WEEKNUM(C12) -> 11 | AB12: =WEEKNUM(D12) -> 11 | AC12: =WEEKNUM(E12) -> 11 | AD12: =WEEKNUM(F12) -> 11 | AE12: =WEEKNUM(G12) -> 11
A13: 44632 | B13: 44633 | C13: 44634 | D13: 44635 | E13: 44636 | F13: 44637 | G13: 44638 | I13: 10 | J13: 10 | K13: 11 | L13: 11 | M13: 11 | N13: 11 | O13: 11 | Q13: 7 | R13: 1 | S13: 2 | T13: 3 | U13: 4 | V13: 5 | W13: 6 | Y13: =WEEKNUM(A13) -> 11 | Z13: =WEEKNUM(B13) -> 12 | AA13: =WEEKNUM(C13) -> 12 | AB13: =WEEKNUM(D13) -> 12 | AC13: =WEEKNUM(E13) -> 12 | AD13: =WEEKNUM(F13) -> 12 | AE13: =WEEKNUM(G13) -> 12
A14: 44639 | B14: 44640 | C14: 44641 | D14: 44642 | E14: 44643 | F14: 44644 | G14: 44645 | I14: 11 | J14: 11 | K14: 12 | L14: 12 | M14: 12 | N14: 12 | O14: 12 | Q14: 7 | R14: 1 | S14: 2 | T14: 3 | U14: 4 | V14: 5 | W14: 6 | Y14: =WEEKNUM(A14) -> 12 | Z14: =WEEKNUM(B14) -> 13 | AA14: =WEEKNUM(C14) -> 13 | AB14: =WEEKNUM(D14) -> 13 | AC14: =WEEKNUM(E14) -> 13 | AD14: =WEEKNUM(F14) -> 13 | AE14: =WEEKNUM(G14) -> 13
A15: 44646 | B15: 44647 | C15: 44648 | D15: 44649 | E15: 44650 | F15: 44651 | G15: 44652 | I15: 12 | J15: 12 | K15: 13 | L15: 13 | M15: 13 | N15: 13 | O15: 13 | Q15: 7 | R15: 1 | S15: 2 | T15: 3 | U15: 4 | V15: 5 | W15: 6 | Y15: =WEEKNUM(A15) -> 13 | Z15: =WEEKNUM(B15) -> 14 | AA15: =WEEKNUM(C15) -> 14 | AB15: =WEEKNUM(D15) -> 14 | AC15: =WEEKNUM(E15) -> 14 | AD15: =WEEKNUM(F15) -> 14 | AE15: =WEEKNUM(G15) -> 14
... A54: 44919 | B54: 44920 | C54: 44921 | D54: 44922 | E54: 44923 | F54: 44924 | G54: 44925 | I54: 51 | J54: 51 | K54: 52 | L54: 52 | M54: 52 | N54: 52 | O54: 52 | Q54: 7 | R54: 1 | S54: 2 | T54: 3 | U54: 4 | V54: 5 | W54: 6 | Y54: =WEEKNUM(A54) -> 52 | Z54: =WEEKNUM(B54) -> 53 | AA54: =WEEKNUM(C54) -> 53 | AB54: =WEEKNUM(D54) -> 53 | AC54: =WEEKNUM(E54) -> 53 | AD54: =WEEKNUM(F54) -> 53 | AE54: =WEEKNUM(G54) -> 53
